,mmsi,lon,lat,date_time_utc,sog,cog,true_heading,nav_status,message_nr,source
0,Ship1,6960333.5774912825,41819.07839864372,0,10.149,222,222,,18,
1,Ship2,6959858.635548732,40952.33001025083,0,6.426,130,130,,2,
2,Ship3,6959151.857873976,41331.19445558668,0,9.843,279,279,,3,
3,Ship4,6959967.826263273,41999.7180149717,0,7.497,39,39,,1,
4,Ship1,6960326.1452079825,41812.16729410457,1,10.149,222,222,,18,
5,Ship2,6959854.447159653,40957.20349698147,1,6.426,128,128,,2,
6,Ship3,6959153.513987019,41321.49177870918,1,9.843,279,279,,3,
7,Ship4,6959973.595959266,42004.50504089131,1,7.497,39,39,,1,
8,Ship1,6960318.713916026,41805.25512361599,2,10.149,222,222,,18,
9,Ship2,6959850.459789688,40962.24277835505,2,6.426,126,126,,2,
10,Ship3,6959155.15054668,41311.78578460892,2,9.843,279,279,,3,
11,Ship4,6959979.369923889,42009.286917252495,2,7.497,39,39,,1,
12,Ship1,6960311.283514933,41798.34199548185,3,10.149,222,222,,18,
13,Ship2,6959846.679995047,40967.43956856365,3,6.426,126,126,,2,
14,Ship3,6959156.711361492,41302.06732248142,3,9.843,278,278,,3,
15,Ship4,6959985.1478331685,42014.06402656207,3,7.497,39,39,,1,
16,Ship1,6960303.853914395,41791.42800699107,4,10.149,222,222,,18,
17,Ship2,6959842.872874626,40972.61637357284,4,6.426,126,126,,2,
18,Ship3,6959158.203667592,41292.33810506672,4,9.843,278,278,,3,
19,Ship4,6959990.929387979,42018.83672317671,4,7.497,39,39,,1,
20,Ship1,6960296.42503325,41784.51324553999,5,10.149,222,222,,18,
21,Ship2,6959839.027716277,40977.76498826741,5,6.426,127,127,,2,
22,Ship3,6959159.634043135,41282.5995900461,5,9.843,278,278,,3,
23,Ship4,6959996.7143121,42023.605335334716,5,7.497,39,39,,1,
24,Ship1,6960288.996798554,41777.597789639985,6,10.149,222,222,,18,
25,Ship2,6959835.147052046,40982.8868942722,6,6.426,127,127,,2,
26,Ship3,6959161.00845951,41272.85301995065,6,9.843,277,277,,3,
27,Ship4,6960002.502350434,42028.37016704722,6,7.497,39,39,,1,
28,Ship1,6960281.569144756,41770.681709822056,7,10.149,222,222,,18,
29,Ship2,6959831.233248481,40987.983522339106,7,6.426,127,127,,2,
30,Ship3,6959162.332330914,41263.09945580686,7,9.843,277,277,,3,
31,Ship4,6960008.293267362,42033.13149985791,7,7.497,39,39,,1,
32,Ship1,6960274.1420129435,41763.76506944909,8,10.149,222,222,,18,
33,Ship2,6959827.288516148,40993.05624969478,8,6.426,128,128,,2,
34,Ship3,6959163.610561575,41253.33980543509,8,9.843,277,277,,3,
35,Ship4,6960014.086845235,42037.88959447917,8,7.497,39,39,,1,
36,Ship1,6960266.715350178,41756.84792544533,9,10.149,222,222,,18,
37,Ship2,6959823.3149189325,40998.10639832351,9,6.426,128,128,,2,
38,Ship3,6959164.847590249,41243.57484721402,9,9.843,277,277,,3,
39,Ship4,6960019.882882984,42042.64469231289,9,7.497,39,39,,1,
40,Ship1,6960259.2891088845,41749.930328951334,10,10.149,222,222,,18,
41,Ship2,6959819.314383046,41003.1352340356,10,6.426,128,128,,2,
42,Ship3,6959166.047431766,41233.80525001999,10,9.843,276,276,,3,
43,Ship4,6960025.681194839,42047.3970168634,10,7.497,39,39,,1,
44,Ship1,6960251.863246311,41743.01232591218,11,10.149,222,222,,18,
45,Ship2,6959815.288705684,41008.14396618893,11,6.426,129,129,,2,
46,Ship3,6959167.213715553,41224.03158995186,11,9.843,276,276,,3,
47,Ship4,6960031.48160915,42052.14677504962,11,7.497,39,39,,1,
48,Ship1,6960244.437724042,41736.09395760579,12,10.149,222,222,,18,
49,Ship2,6959811.239563306,41013.13374794761,12,6.426,129,129,,2,
50,Ship3,6959168.34972117,41214.25436436181,12,9.843,276,276,,3,
51,Ship4,6960037.2839673,42056.894158423354,12,7.497,39,39,,1,
52,Ship1,6960237.012507553,41729.17526111741,13,10.149,222,222,,18,
53,Ship2,6959807.168519493,41018.10567697707,13,6.426,129,129,,2,
54,Ship3,6959169.458410944,41204.47400363299,13,9.843,276,276,,3,
55,Ship4,6960043.088122708,42061.63934429983,13,7.497,39,39,,1,
56,Ship1,6960229.587565824,41722.25626976572,14,10.149,222,222,,18,
57,Ship2,6959803.077032401,41023.06079648873,14,6.426,129,129,,2,
58,Ship3,6959170.542459841,41194.690881074835,14,9.843,276,276,,3,
59,Ship4,6960048.893939902,42066.3824968068,14,7.497,39,39,,1,
60,Ship1,6960222.16287098,41715.337013485696,15,10.149,222,222,,18,
61,Ship2,6959798.966461783,41028.000096559845,15,6.426,129,129,,2,
62,Ship3,6959171.604282735,41184.905321247155,15,9.843,276,276,,3,
63,Ship4,6960054.701293673,42071.1237678577,15,7.497,39,39,,1,
64,Ship1,6960214.738397972,41708.41751917241,16,10.149,222,222,,18,
65,Ship2,6959794.838075601,41032.9245156652,16,6.426,130,130,,2,
66,Ship3,6959172.646059238,41175.11760697278,16,9.843,275,275,,3,
67,Ship4,6960060.510068287,42075.863298054086,16,7.497,39,39,,1,
68,Ship1,6960207.314124292,41701.49781098994,17,10.149,222,222,,18,
69,Ship2,6959790.693056228,41037.83494236725,17,6.426,130,130,,2,
70,Ship3,6959173.66975628,41165.32798525555,17,9.843,275,275,,3,
71,Ship4,6960066.320156764,42080.60121752234,17,7.497,39,39,,1,
72,Ship1,6960199.890029716,41694.577910648724,18,10.149,222,222,,18,
73,Ship2,6959786.532506264,41042.73221711949,18,6.426,130,130,,2,
74,Ship3,6959174.677148603,41155.536672283895,18,9.843,275,275,,3,
75,Ship4,6960072.13146021,42085.33764668943,18,7.497,39,39,,1,
76,Ship1,6960192.4660960715,41687.657837654944,19,10.149,222,222,,18,
77,Ship2,6959782.357453971,41047.6171341459,19,6.426,130,130,,2,
78,Ship3,6959175.669837346,41145.74385767013,19,9.843,275,275,,3,
79,Ship4,6960077.943887202,42090.07269700187,19,7.497,39,39,,1,
80,Ship1,6960185.042307029,41680.737609534284,20,10.149,222,222,,18,
81,Ship2,6959778.168858353,41052.49044336493,20,6.426,130,130,,2,
82,Ship3,6959176.649266884,41135.949708049986,20,9.843,275,275,,3,
83,Ship4,6960083.757353219,42094.80647159194,20,7.497,39,39,,1,
84,Ship1,6960177.618647914,41673.817242033154,21,10.149,222,222,,18,
85,Ship2,6959773.967613891,41057.35285233277,21,6.426,130,130,,2,
86,Ship3,6959177.616740061,41126.15437014606,21,9.843,275,275,,3,
87,Ship4,6960089.571780118,42099.539065895064,21,7.497,39,39,,1,
88,Ship1,6960170.195105544,41666.896749299376,22,10.149,222,222,,18,
89,Ship2,6959769.754554966,41062.20502818496,22,6.426,131,131,,2,
90,Ship3,6959178.573431979,41116.357973381244,22,9.843,275,275,,3,
91,Ship4,6960095.38709565,42104.27056822172,22,7.497,39,39,,1,
92,Ship1,6960162.771668072,41659.97614404446,23,10.149,222,222,,18,
93,Ship2,6959765.530459977,41067.04759955927,23,6.426,131,131,,2,
94,Ship3,6959179.5204024585,41106.56063211375,23,9.843,275,275,,3,
95,Ship4,6960101.203233012,42109.00106028726,23,7.497,39,39,,1,
96,Ship1,6960155.348324853,41653.05543768954,24,10.149,222,222,,18,
97,Ship2,6959761.296055167,41071.881158486794,24,6.426,131,131,,2,
98,Ship3,6959180.458607297,41096.76244755331,24,9.843,275,275,,3,
99,Ship4,6960107.020130437,42113.73061770262,24,7.497,39,39,,1,
100,Ship1,6960147.925066322,41646.134640496355,25,10.149,222,222,,18,
101,Ship2,6959757.052018201,41076.70626224041,25,6.426,131,131,,2,
102,Ship3,6959181.388908447,41086.96350940818,25,9.843,275,275,,3,
103,Ship4,6960112.83773081,42118.45931042881,25,7.497,39,39,,1,
104,Ship1,6960140.501883886,41639.213761684936,26,10.149,222,222,,18,
105,Ship2,6959752.798981483,41081.52343513262,26,6.426,131,131,,2,
106,Ship3,6959182.312083195,41077.163897304454,26,9.843,275,275,,3,
107,Ship4,6960118.655981317,42123.187203197784,26,7.497,39,39,,1,
108,Ship1,6960133.078769823,41632.29280953944,27,10.149,222,222,,18,
109,Ship2,6959748.5375352455,41086.333170256556,27,6.426,131,131,,2,
110,Ship3,6959183.228832465,41067.36368201211,27,9.843,275,275,,3,
111,Ship4,6960124.474833121,42127.91435590213,27,7.497,39,39,,1,
112,Ship1,6960125.655717193,41625.37179150314,28,10.149,222,222,,18,
113,Ship2,6959744.268230425,41091.13593116593,28,6.426,131,131,,2,
114,Ship3,6959184.139788296,41057.56292650688,28,9.843,275,275,,3,
115,Ship4,6960130.294241058,42132.64082395593,28,7.497,39,39,,1,
116,Ship1,6960118.232719763,41618.45071426375,29,10.149,222,222,,18,
117,Ship2,6959739.991581338,41095.93215349074,29,6.426,131,131,,2,
118,Ship3,6959185.045520605,41047.76168689212,29,9.843,275,275,,3,
119,Ship4,6960136.114163363,42137.3666586288,29,7.497,39,39,,1,
120,Ship1,6960110.809771931,41611.529583830175,30,10.149,222,222,,18,
121,Ship2,6959735.708068167,41100.7222464869,30,6.426,131,131,,2,
122,Ship3,6959185.946543276,41037.96001320113,30,9.843,275,275,,3,
123,Ship4,6960141.934561415,42142.09190735516,30,7.497,39,39,,1,
124,Ship1,6960103.386868663,41604.60840560138,31,10.149,222,222,,18,
125,Ship2,6959731.418139274,41105.50659451902,31,6.426,131,131,,2,
126,Ship3,6959186.843319671,41028.15795009699,31,9.843,275,275,,3,
127,Ship4,6960147.755399493,42146.81661402054,31,7.497,39,39,,1,
128,Ship1,6960095.964005437,41597.68718442837,32,10.149,222,222,,18,
129,Ship2,6959727.122213355,41110.285558476055,32,6.426,132,132,,2,
130,Ship3,6959187.7362675825,41018.355537484356,32,9.843,275,275,,3,
131,Ship4,6960153.576644563,42151.54081922658,32,7.497,39,39,,1,
132,Ship1,6960088.541178189,41590.765924669715,33,10.149,222,222,,18,
133,Ship2,6959722.820681444,41115.059477120456,33,6.426,132,132,,2,
134,Ship3,6959188.625763713,41008.55281104558,33,9.843,275,275,,3,
135,Ship4,6960159.398266076,42156.26456053632,33,7.497,39,39,,1,
136,Ship1,6960081.118383268,41583.84463024167,34,10.149,222,222,,18,
137,Ship2,6959718.513908776,41119.8286683716,34,6.426,132,132,,2,
138,Ship3,6959189.512147715,40998.74980271133,34,9.843,275,275,,3,
139,Ship4,6960165.220235776,42160.98787270123,34,7.497,39,39,,1,
140,Ship1,6960073.695617393,41576.92330466293,35,10.149,222,222,,18,
141,Ship2,6959714.202236523,41124.593430525085,35,6.426,132,132,,2,
142,Ship3,6959190.3957258295,40988.94654107469,35,9.843,275,275,,3,
143,Ship4,6960171.042527532,42165.71078787135,35,7.497,39,39,,1,
144,Ship1,6960066.272877616,41570.00195109507,36,10.149,222,222,,18,
145,Ship2,6959709.885983407,41129.35404340946,36,6.426,132,132,,2,
146,Ship3,6959191.276774171,40979.143051756044,36,9.843,275,275,,3,
147,Ship4,6960176.8651171755,42170.43333578974,36,7.497,39,39,,1,
148,Ship1,6960058.850161289,41563.0805723788,37,10.149,222,222,,18,
149,Ship2,6959705.565447205,41134.11076948232,37,6.426,132,132,,2,
150,Ship3,6959192.155541689,40969.339357725265,37,9.843,275,275,,3,
151,Ship4,6960182.687982353,42175.15554397248,37,7.497,39,39,,1,
152,Ship1,6960051.427466032,41556.159171066494,38,10.149,222,222,,18,
153,Ship2,6959701.240906152,41138.86385486783,38,6.426,132,132,,2,
154,Ship3,6959193.032252842,40959.53547958672,38,9.843,275,275,,3,
155,Ship4,6960188.5111023905,42179.87743787521,38,7.497,39,39,,1,
156,Ship1,6960044.004789707,41549.237749451495,39,10.149,222,222,,18,
157,Ship2,6959696.912620241,41143.61353033779,39,6.426,132,132,,2,
158,Ship3,6959193.90711,40949.73143583162,39,9.843,275,275,,3,
159,Ship4,6960194.334458166,42184.59904104719,39,7.497,39,39,,1,
160,Ship1,6960036.582130392,41542.31630959438,40,10.149,222,222,,18,
161,Ship2,6959692.580832439,41148.3600122387,40,6.426,132,132,,2,
162,Ship3,6959194.780295625,40939.92724306199,40,9.843,275,275,,3,
163,Ship4,6960200.158031993,42189.32037527402,40,7.497,39,39,,1,
164,Ship1,6960029.159486361,41535.39485334655,41,10.149,222,222,,18,
165,Ship2,6959688.245769819,41153.1035033669,41,6.426,132,132,,2,
166,Ship3,6959195.651974223,40930.12291618948,41,9.843,275,275,,3,
167,Ship4,6960205.981807513,42194.04146070952,41,7.497,39,39,,1,
168,Ship1,6960021.736856063,41528.47338237153,42,10.149,222,222,,18,
169,Ship2,6959683.907644616,41157.844193794204,42,6.426,132,132,,2,
170,Ship3,6959196.52229411,40920.31846861231,42,9.843,275,275,,3,
171,Ship4,6960211.805769596,42198.762315997905,42,7.497,39,39,,1,
172,Ship1,6960014.314238104,41521.55189816402,43,10.149,222,222,,18,
173,Ship2,6959679.56665521,41162.58226164636,43,6.426,132,132,,2,
174,Ship3,6959197.3913890105,40910.513912372786,43,9.843,275,275,,3,
175,Ship4,6960217.629904248,42203.48295838671,43,7.497,39,39,,1,
176,Ship1,6960006.891631232,41514.630402067014,44,10.149,222,222,,18,
177,Ship2,6959675.222987039,41167.31787383646,44,6.426,132,132,,2,
178,Ship3,6959198.2593794875,40900.709258297684,44,9.843,275,275,,3,
179,Ship4,6960223.454198523,42208.2034038314,44,7.497,39,39,,1,
180,Ship1,6959999.469034321,41507.70889528717,45,10.149,222,222,,18,
181,Ship2,6959670.876813456,41172.051186755714,45,6.426,132,132,,2,
182,Ship3,6959199.126374239,40890.904516123555,45,9.843,275,275,,3,
183,Ship4,6960229.278640449,42212.92366709207,45,7.497,39,39,,1,
184,Ship1,6959992.046446361,41500.787378908695,46,10.149,222,222,,18,
185,Ship2,6959666.528296529,41176.782346923676,46,6.426,132,132,,2,
186,Ship3,6959199.992471267,40881.09969460865,46,9.843,275,275,,3,
187,Ship4,6960235.103218951,42217.6437618229,46,7.497,39,39,,1,
188,Ship1,6959984.623866443,41493.86585390577,47,10.149,222,222,,18,
189,Ship2,6959662.177587779,41181.51149159992,47,6.426,132,132,,2,
190,Ship3,6959200.857758926,40871.294801632925,47,9.843,275,275,,3,
191,Ship4,6960240.927923786,42222.36370065506,47,7.497,39,39,,1,
192,Ship1,6959977.201293751,41486.94432115369,48,10.149,222,222,,18,
193,Ship2,6959657.824828875,41186.23874935937,48,6.426,132,132,,2,
194,Ship3,6959201.72231688,40861.48984428752,48,9.843,275,275,,3,
195,Ship4,6960246.75274548,42227.083495273255,48,7.497,39,39,,1,
196,Ship1,6959969.778727552,41480.02278143893,49,10.149,222,222,,18,
197,Ship2,6959653.470152283,41190.96424063322,49,6.426,132,132,,2,
198,Ship3,6959202.586216947,40851.68482895489,49,9.843,275,275,,3,
199,Ship4,6960252.577675268,42231.80315648664,49,7.497,39,39,,1,
200,Ship1,6959962.356167187,41473.10123546816,50,10.149,222,222,,18,
201,Ship2,6959649.113681868,41195.68807821722,50,6.426,132,132,,2,
202,Ship3,6959203.449523881,40841.87976138054,50,9.843,275,275,,3,
203,Ship4,6960258.402705044,42236.52269429437,50,7.497,39,39,,1,
204,Ship1,6959954.9336120635,41466.179683876304,51,10.149,222,222,,18,
205,Ship2,6959644.755533456,41200.410367749246,51,6.426,132,132,,2,
206,Ship3,6959204.312296061,40832.074646737376,51,9.843,275,275,,3,
207,Ship4,6960264.227827308,42241.24211794628,51,7.497,39,39,,1,
208,Ship1,6959947.51106165,41459.25812723385,52,10.149,222,222,,18,
209,Ship2,6959640.395815364,41205.13120815784,52,6.426,132,132,,2,
210,Ship3,6959205.17458612,40822.269489683385,52,9.843,275,275,,3,
211,Ship4,6960270.053035125,42245.961435999016,52,7.497,39,39,,1,
212,Ship1,6959940.088515468,41452.33656605338,53,10.149,222,222,,18,
213,Ship2,6959636.034628889,41209.8506920834,53,6.426,132,132,,2,
214,Ship3,6959206.036441512,40812.464294413374,53,9.843,275,275,,3,
215,Ship4,6960275.878322081,42250.68065636795,53,7.497,39,39,,1,
216,Ship1,6959932.665973088,41445.415000795474,54,10.149,222,222,,18,
217,Ship2,6959631.672068763,41214.5689062735,54,6.426,132,132,,2,
218,Ship3,6959206.89790502,40802.65906470546,54,9.843,275,275,,3,
219,Ship4,6960281.703682239,42255.39978637528,54,7.497,39,39,,1,
220,Ship1,6959925.243434125,41438.49343187392,55,10.149,222,222,,18,
221,Ship2,6959627.308223586,41219.28593195403,55,6.426,135,135,,2,
222,Ship3,6959207.759015216,40792.8538039628,55,9.843,275,275,,3,
223,Ship4,6960287.529110111,42260.11883279439,55,7.497,39,39,,1,
224,Ship1,6959917.820898231,41431.57185966057,56,10.149,222,222,,18,
225,Ship2,6959622.756733351,41223.82216526495,56,6.426,137,137,,2,
226,Ship3,6959208.619806874,40783.04851525104,56,9.843,275,275,,3,
227,Ship4,6960293.3546006195,42264.837801891015,56,7.497,39,39,,1,
228,Ship1,6959910.398365095,41424.65028448952,57,10.149,222,222,,18,
229,Ship2,6959618.025081821,41228.17014753206,57,6.426,139,139,,2,
230,Ship3,6959209.480311348,40773.24320133206,57,9.843,275,275,,3,
231,Ship4,6960299.180149067,42269.556699461275,57,7.497,39,39,,1,
232,Ship1,6959902.975834438,41417.72870666093,58,10.149,222,222,,18,
233,Ship2,6959613.121048983,41232.3227296118,58,6.426,142,142,,2,
234,Ship3,6959210.340556906,40763.437864694206,58,9.843,275,275,,3,
235,Ship4,6960305.005751111,42274.275530866864,58,7.497,39,39,,1,
236,Ship1,6959895.553306007,41410.8071264445,59,10.149,222,222,,18,
237,Ship2,6959608.052698265,41236.27308364619,59,6.426,144,144,,2,
238,Ship3,6959211.20056903,40753.63250757956,59,9.843,275,275,,3,
239,Ship4,6960310.83140273,42278.99430106762,59,7.497,39,39,,1,
240,Ship1,6959888.1307795765,41403.885544082594,60,10.149,222,222,,18,
241,Ship2,6959602.8283632705,41240.0147142895,60,6.426,146,146,,2,
242,Ship3,6959212.060370699,40743.827132008424,60,9.843,275,275,,3,
243,Ship4,6960316.657100209,42283.713014651614,60,7.497,39,39,,1,
244,Ship1,6959880.708254944,41396.96395979294,61,10.149,222,222,,18,
245,Ship2,6959597.456634082,41243.54146938816,61,6.426,149,149,,2,
246,Ship3,6959212.919982626,40734.021739801334,61,9.843,275,275,,3,
247,Ship4,6960322.482840108,42288.431675863,61,7.497,39,39,,1,
248,Ship1,6959873.285731927,41390.04237377118,62,10.149,222,222,,18,
249,Ship2,6959591.946343132,41246.84755009643,62,6.426,151,151,,2,
250,Ship3,6959213.779423487,40724.21633259892,62,9.843,275,275,,3,
251,Ship4,6960328.308619247,42293.150288627796,62,7.497,39,39,,1,
252,Ship1,6959865.8632103605,41383.12078619314,63,10.149,222,222,,18,
253,Ship2,6959586.306550683,41249.927520411075,63,6.426,153,153,,2,
254,Ship3,6959214.638710122,40714.41091187972,63,9.843,275,275,,3,
255,Ship4,6960334.134434683,42297.86885657777,63,7.497,39,39,,1,
256,Ship1,6959858.440690098,41376.199197216745,64,10.149,222,222,,18,
257,Ship2,6959580.546529931,41252.77631610954,64,6.426,156,156,,2,
258,Ship3,6959215.4978577085,40704.605478976286,64,9.843,275,275,,3,
259,Ship4,6960339.960283696,42302.58738307243,64,7.497,39,39,,1,
260,Ship1,6959851.018171008,41369.27760698391,65,10.149,222,222,,18,
261,Ship2,6959574.675751754,41255.389253076726,65,6.426,158,158,,2,
262,Ship3,6959216.356879935,40694.800035089596,65,9.843,275,275,,3,
263,Ship4,6960345.786163767,42307.30587121947,65,7.497,39,39,,1,
264,Ship1,6959843.59565297,41362.35601562215,66,10.149,222,222,,18,
265,Ship2,6959568.7038691435,41257.76203500681,66,6.426,159,159,,2,
266,Ship3,6959217.215789139,40684.994581302104,66,9.843,275,275,,3,
267,Ship4,6960351.612072568,42312.024323893624,66,7.497,39,39,,1,
268,Ship1,6959836.173135878,41355.43442324603,67,10.149,223,223,,18,
269,Ship2,6959562.685958149,41260.01552635586,67,6.426,159,159,,2,
270,Ship3,6959218.074596446,40675.18911858946,67,9.843,275,275,,3,
271,Ship4,6960357.438007945,42316.742743754156,67,7.497,39,39,,1,
272,Ship1,6959828.791822787,41348.46890689265,68,10.149,223,223,,18,
273,Ship2,6959556.660888297,41262.249806838096,68,6.426,159,159,,2,
274,Ship3,6959218.933311886,40665.38364783108,68,9.843,275,275,,3,
275,Ship4,6960363.263967906,42321.46113326094,68,7.497,39,39,,1,
276,Ship1,6959821.451973623,41341.459711843425,69,10.149,224,224,,18,
277,Ship2,6959550.629171665,41264.46608084421,69,6.426,159,159,,2,
278,Ship3,6959219.791944501,40655.57816981963,69,9.843,275,275,,3,
279,Ship4,6960369.089950607,42326.179494689524,69,7.497,39,39,,1,
280,Ship1,6959814.153846846,41334.407084917824,70,10.149,224,224,,18,
281,Ship2,6959544.591281271,41266.66547975989,70,6.426,160,160,,2,
282,Ship3,6959220.650502443,40645.77268526964,70,9.843,275,275,,3,
283,Ship4,6960374.915954343,42330.89783014482,70,7.497,39,39,,1,
284,Ship1,6959806.897699451,41327.31127446473,71,10.149,224,224,,18,
285,Ship2,6959538.547654285,41268.84906599816,71,6.426,160,160,,2,
286,Ship3,6959221.508993063,40635.96719482519,71,9.843,275,275,,3,
287,Ship4,6960380.741977537,42335.616141573955,71,7.497,39,39,,1,
288,Ship1,6959799.683786954,41320.17253035368,72,10.149,225,225,,18,
289,Ship2,6959532.498694963,41271.01783687413,72,6.426,160,160,,2,
290,Ship3,6959222.367422987,40626.16169906686,72,9.843,275,275,,3,
291,Ship4,6960386.568018731,42340.3344307781,72,7.497,43,43,,1,
292,Ship1,6959792.512363383,41312.99110396605,73,10.149,225,225,,18,
293,Ship2,6959526.444777316,41273.17272831626,73,6.426,160,160,,2,
294,Ship3,6959223.225798189,40616.35619851802,73,9.843,275,275,,3,
295,Ship4,6960392.015009338,42345.48567357203,73,7.497,43,43,,1,
296,Ship1,6959785.383681269,41305.767248186225,74,10.149,225,225,,18,
297,Ship2,6959520.386247559,41275.31461841131,74,6.426,160,160,,2,
298,Ship3,6959224.084124055,40606.55069365046,74,9.843,275,275,,3,
299,Ship4,6960397.435979721,42350.664292027024,74,7.497,43,43,,1,
300,Ship1,6959778.297991641,41298.50121739267,75,10.149,226,226,,18,
301,Ship2,6959514.323426333,41277.444330782346,75,6.426,160,160,,2,
302,Ship3,6959224.942405441,40596.745184889485,75,9.843,275,275,,3,
303,Ship4,6960402.832730899,42355.8681449961,75,7.497,44,44,,1,
304,Ship1,6959771.255544011,41291.193267449016,76,10.149,226,226,,18,
305,Ship2,6959508.256610746,41279.562637801144,76,6.426,160,160,,2,
306,Ship3,6959225.800646726,40586.9396726185,76,9.843,275,275,,3,
307,Ship4,6960408.20695231,42361.09526210015,76,7.497,44,44,,1,
308,Ship1,6959764.256586369,41283.843655695,77,10.149,226,226,,18,
309,Ship2,6959502.186076228,41281.67026363741,77,6.426,160,160,,2,
310,Ship3,6959226.658851857,40577.134157183136,77,9.843,275,275,,3,
311,Ship4,6960413.560226452,42366.343829996964,77,7.497,44,44,,1,
312,Ship1,6959757.301365175,41276.452640937416,78,10.149,227,227,,18,
313,Ship2,6959496.1120782355,41283.767887148875,78,6.426,161,161,,2,
314,Ship3,6959227.517024392,40567.32863889497,78,9.843,275,275,,3,
315,Ship4,6960418.8940337645,42371.612179695876,78,7.497,44,44,,1,
316,Ship1,6959750.390125348,41269.02048344103,79,10.149,227,227,,18,
317,Ship2,6959490.034853808,41285.85614461662,79,6.426,161,161,,2,
318,Ship3,6959228.37516754,40557.52311803491,79,9.843,275,275,,3,
319,Ship4,6960424.209757661,42376.898774862355,79,7.497,45,45,,1,
320,Ship1,6959743.523110257,41261.547444919386,80,10.149,227,227,,18,
321,Ship2,6959483.954622986,41287.93563233087,80,6.426,161,161,,2,
322,Ship3,6959229.233284194,40547.71759485617,80,9.843,275,275,,3,
323,Ship4,6960429.508689595,42382.202201052634,80,7.497,45,45,,1,
324,Ship1,6959736.700561716,41254.0337885256,81,10.149,228,228,,18,
325,Ship2,6959477.871590122,41290.00690903287,81,6.426,161,161,,2,
326,Ship3,6959230.091376961,40537.91206958705,81,9.843,275,275,,3,
327,Ship4,6960434.792034106,42387.521155816445,81,7.497,45,45,,1,
328,Ship1,6959729.922719971,41246.47977884309,82,10.149,228,228,,18,
329,Ship2,6959471.785945072,41292.07049821866,82,6.426,161,161,,2,
330,Ship3,6959230.9494481925,40528.10654243335,82,9.843,275,275,,3,
331,Ship4,6960440.06091378,42392.85443960648,82,7.497,45,45,,1,
332,Ship1,6959723.189823695,41238.88568187626,83,10.149,228,228,,18,
333,Ship2,6959465.697864293,41294.12689031079,83,6.426,161,161,,2,
334,Ship3,6959231.807500008,40518.30101358061,83,9.843,275,275,,3,
335,Ship4,6960445.316374088,42398.200947434125,83,7.497,45,45,,1,
336,Ship1,6959716.502109979,41231.25176504114,84,10.149,229,229,,18,
337,Ship2,6959459.607511851,41296.176544704074,84,6.426,161,161,,2,
338,Ship3,6959232.665534318,40508.4954831961,84,9.843,275,275,,3,
339,Ship4,6960450.55938807,42403.55966121401,84,7.497,45,45,,1,
340,Ship1,6959709.859814321,41223.57829715597,85,10.149,229,229,,18,
341,Ship2,6959453.515040342,41298.21989169134,85,6.426,161,161,,2,
342,Ship3,6959233.523552847,40498.68995143062,85,9.843,275,275,,3,
343,Ship4,6960455.790860844,42408.92964274242,85,7.497,45,45,,1,
344,Ship1,6959703.2631706195,41215.865548431706,86,10.149,229,229,,18,
345,Ship2,6959447.420591744,41300.25733427531,86,6.426,161,161,,2,
346,Ship3,6959234.381557148,40488.88441842012,86,9.843,276,276,,3,
347,Ship4,6960461.011633915,42414.31002725816,86,7.497,45,45,,1,
348,Ship1,6959696.712411168,41208.11379046254,87,10.149,230,230,,18,
349,Ship2,6959441.324298197,41302.28924987237,87,6.426,161,161,,2,
350,Ship3,6959235.454589451,40479.100081412565,87,9.843,276,276,,3,
351,Ship4,6960466.222489295,42419.70001753772,87,7.497,46,46,,1,
352,Ship1,6959690.207766643,41200.32329621634,88,10.149,230,230,,18,
353,Ship2,6959435.226282725,41304.31599191393,88,6.426,161,161,,2,
354,Ship3,6959236.544528315,40469.31761330516,88,9.843,276,276,,3,
355,Ship4,6960471.424153405,42425.09887848018,88,7.497,46,46,,1,
356,Ship1,6959683.749466096,41192.49434002498,89,10.149,230,230,,18,
357,Ship2,6959429.126659895,41306.337891351024,89,6.426,161,161,,2,
358,Ship3,6959237.649708332,40459.53685535236,89,9.843,276,276,,3,
359,Ship4,6960476.617300786,42430.5059321405,89,7.497,46,46,,1,
360,Ship1,6959677.337736948,41184.62719757476,90,10.149,231,231,,18,
361,Ship2,6959423.025536431,41308.355258067306,90,6.426,161,161,,2,
362,Ship3,6959238.768628108,40449.75765970376,90,9.843,276,276,,3,
363,Ship4,6960481.802557585,42435.92055317344,90,7.497,46,46,,1,
364,Ship1,6959670.972804979,41176.72214589662,91,10.149,231,231,,18,
365,Ship2,6959416.923011773,41310.36838220574,91,6.426,161,161,,2,
366,Ship3,6959239.899934149,40439.9798892196,91,9.843,276,276,,3,
367,Ship4,6960486.980504858,42441.3421646529,91,7.497,46,46,,1,
368,Ship1,6959664.654894323,41168.77946335647,92,10.149,231,231,,18,
369,Ship2,6959410.819178602,41312.377535413834,92,6.426,161,161,,2,
370,Ship3,6959241.0424063075,40430.20341713768,92,9.843,276,276,,3,
371,Ship4,6960492.151681669,42446.77023423508,92,7.497,46,46,,1,
372,Ship1,6959658.384227456,41160.799429645296,93,10.149,232,232,,18,
373,Ship2,6959404.714123315,41314.382972012034,93,6.426,161,161,,2,
374,Ship3,6959242.194944655,40420.428126637715,93,9.843,276,276,,3,
375,Ship4,6960497.3165879985,42452.20427063583,93,7.497,46,46,,1,
376,Ship1,6959652.16102519,41152.78232576938,94,10.149,232,232,,18,
377,Ship2,6959398.607926475,41316.384930089844,94,6.426,161,161,,2,
378,Ship3,6959243.356557644,40410.65391033854,94,9.843,276,276,,3,
379,Ship4,6960502.475687475,42457.64382039574,94,7.497,46,46,,1,
380,Ship1,6959645.985506668,41144.72843404038,95,10.149,232,232,,18,
381,Ship2,6959392.500663213,41318.3836325339,95,6.426,161,161,,2,
382,Ship3,6959244.526351431,40400.880669755476,95,9.843,276,276,,3,
383,Ship4,6960507.629409929,42463.08846490832,95,7.497,46,46,,1,
384,Ship1,6959639.857889352,41136.63803806538,96,10.149,233,233,,18,
385,Ship2,6959386.3924036175,41320.37928799204,96,6.426,161,161,,2,
386,Ship3,6959245.703520249,40391.10831473858,96,9.843,276,276,,3,
387,Ship4,6960512.778153783,42468.53781768915,96,7.497,46,46,,1,
388,Ship1,6959633.778389019,41128.51142273692,97,10.149,233,233,,18,
389,Ship2,6959380.283213076,41322.3720917771,97,6.426,161,161,,2,
390,Ship3,6959246.88733772,40381.336762907194,97,9.843,276,276,,3,
391,Ship4,6960517.922288283,42473.991521865544,97,7.497,46,46,,1,
392,Ship1,6959627.74721975,41120.34887422295,98,10.149,233,233,,18,
393,Ship2,6959374.173152608,41324.36222671425,98,6.426,161,161,,2,
394,Ship3,6959248.077149041,40371.56593909234,98,9.843,276,276,,3,
395,Ship4,6960523.062155585,42479.44924786812,98,7.497,46,46,,1,
396,Ship1,6959621.764593923,41112.15067995677,99,10.149,234,234,,18,
397,Ship2,6959368.062279161,41326.34986393512,99,6.426,162,162,,2,
398,Ship3,6959249.272363919,40361.7957747951,99,9.843,277,277,,3,
399,Ship4,6960528.198072694,42484.91069130759,99,7.497,46,46,,1,
400,Ship1,6959615.830722211,41103.91712862688,100,10.149,234,234,,18,
401,Ship2,6959361.950645898,41328.33516362201,100,6.426,162,162,,2,
402,Ship3,6959250.472450218,40352.02620766676,100,9.843,277,277,,3,
403,Ship4,6960533.330333279,42490.37557102101,100,7.497,46,46,,1,
