Unnamed: 0;mmsi;date_time_utc;sog;cog;true_heading;nav_status;calc_speed;lon;lat
3623;209318000;2020-01-01 08:50:54;8.2;238.0;231;0;7.6;8.38693;63.3666
3624;209318000;2020-01-01 08:51:05;8.1;236.4;230;0;8.7;8.3862;63.3663
3625;209318000;2020-01-01 08:51:16;8.1;234.8;229;0;7.4;8.38548;63.3661
3626;209318000;2020-01-01 08:51:24;8.1;234.2;228;0;8.3;8.38496;63.3659
3627;209318000;2020-01-01 08:51:35;8.1;232.8;228;0;7.2;8.38426;63.3657
3628;209318000;2020-01-01 08:51:44;8.1;232.1;228;0;7.8;8.38368;63.3655
3629;209318000;2020-01-01 08:51:54;8.1;232.2;228;0;7.4;8.38304;63.3653
3630;209318000;2020-01-01 08:52:04;8.2;231.0;227;0;9.7;8.38229;63.365
3631;209318000;2020-01-01 08:52:15;8.3;230.9;227;0;8.8;8.38154;63.3647
3632;209318000;2020-01-01 08:52:23;8.3;230.9;227;0;8.5;8.38099;63.3645
3633;209318000;2020-01-01 08:52:34;8.3;229.9;227;0;8.8;8.38024;63.3642
3634;209318000;2020-01-01 08:52:43;8.3;229.8;227;0;7.8;8.37966;63.364
3635;209318000;2020-01-01 08:52:53;8.3;230.2;227;0;7.6;8.37901;63.3638
3636;209318000;2020-01-01 08:53:05;8.3;229.6;228;0;7.5;8.37835;63.3635
3637;209318000;2020-01-01 08:53:16;8.3;231.0;228;0;6.9;8.37769;63.3633
3638;209318000;2020-01-01 08:53:24;8.3;230.6;227;0;11.4;8.377;63.363
3639;209318000;2020-01-01 08:53:35;8.4;230.1;228;0;7.1;8.37633;63.3628
3640;209318000;2020-01-01 08:53:43;8.4;231.0;227;0;10.9;8.37572;63.3625
3641;209318000;2020-01-01 08:53:55;8.4;230.4;227;0;8.1;8.37497;63.3622
3642;209318000;2020-01-01 08:54:03;8.4;230.0;227;0;8.7;8.3744;63.362
3643;209318000;2020-01-01 08:54:15;8.3;230.1;228;0;8.6;8.37357;63.3617
3644;209318000;2020-01-01 08:54:25;8.3;230.2;227;0;6.6;8.37304;63.3615
3645;209318000;2020-01-01 08:54:34;8.2;229.9;228;0;9.1;8.37232;63.3613
3646;209318000;2020-01-01 08:54:44;8.2;230.1;228;0;8.4;8.37175;63.361
3647;209318000;2020-01-01 08:54:54;8.2;230.8;228;0;8.2;8.37103;63.3608
3648;209318000;2020-01-01 08:55:04;8.2;230.2;228;0;7.0;8.37044;63.3606
3649;209318000;2020-01-01 08:55:15;8.2;230.5;228;0;8.7;8.36971;63.3603
3650;209318000;2020-01-01 08:55:24;8.2;230.9;227;0;8.0;8.36911;63.3601
3651;209318000;2020-01-01 08:55:35;8.1;230.5;227;0;8.7;8.36838;63.3598
3652;209318000;2020-01-01 08:55:46;8.1;229.4;227;0;8.1;8.36772;63.3595
3653;209318000;2020-01-01 08:55:55;8.1;228.8;228;0;8.2;8.3671;63.3593
3654;209318000;2020-01-01 08:56:03;8.1;229.8;227;0;8.7;8.36652;63.3591
3655;209318000;2020-01-01 08:56:14;8.1;230.5;227;0;8.5;8.36582;63.3588
3656;209318000;2020-01-01 08:56:25;8.0;230.2;227;0;6.4;8.36525;63.3586
3657;209318000;2020-01-01 08:56:34;8.0;230.9;228;0;10.4;8.36454;63.3583
3658;209318000;2020-01-01 08:56:45;8.0;231.8;228;0;6.7;8.36391;63.3581
3659;209318000;2020-01-01 08:56:55;8.0;231.8;228;0;7.6;8.36326;63.3579
3660;209318000;2020-01-01 08:57:04;8.0;231.2;228;0;7.8;8.36267;63.3577
3661;209318000;2020-01-01 08:57:15;7.9;230.8;227;0;8.0;8.36205;63.3574
3662;209318000;2020-01-01 08:57:24;8.0;230.9;227;0;8.0;8.36144;63.3572
3663;209318000;2020-01-01 08:57:35;8.0;230.8;227;0;7.2;8.36074;63.357
3664;209318000;2020-01-01 08:57:46;8.0;231.4;227;0;8.5;8.36004;63.3567
3665;209318000;2020-01-01 08:57:54;8.1;231.1;228;0;8.7;8.35946;63.3565
3666;209318000;2020-01-01 08:58:05;8.1;231.0;228;0;8.1;8.35882;63.3562
3667;209318000;2020-01-01 08:58:14;8.1;232.4;228;0;8.0;8.35821;63.356
3668;209318000;2020-01-01 08:58:25;8.1;233.2;228;0;6.9;8.35755;63.3558
3669;209318000;2020-01-01 08:58:34;8.1;233.6;226;0;9.5;8.35678;63.3556
3670;209318000;2020-01-01 08:58:45;8.0;232.1;226;0;8.5;8.35608;63.3553
3671;209318000;2020-01-01 08:58:55;8.0;231.2;225;0;7.0;8.35551;63.3551
3672;209318000;2020-01-01 08:59:04;7.9;230.8;225;0;9.9;8.35486;63.3548
3673;209318000;2020-01-01 08:59:15;7.9;230.8;225;0;6.7;8.35424;63.3546
3674;209318000;2020-01-01 08:59:26;7.8;228.6;224;0;8.3;8.35357;63.3543
3675;209318000;2020-01-01 08:59:34;7.8;227.0;225;0;8.3;8.35305;63.3541
3676;209318000;2020-01-01 08:59:46;7.8;227.5;224;0;5.8;8.35246;63.3539
3677;209318000;2020-01-01 08:59:54;7.8;227.9;224;0;10.7;8.35187;63.3536
3678;209318000;2020-01-01 09:00:05;7.8;227.0;224;0;6.5;8.35127;63.3534
3679;209318000;2020-01-01 09:00:14;7.8;227.8;224;0;9.5;8.35069;63.3531
3680;209318000;2020-01-01 09:00:25;7.7;227.2;225;0;6.4;8.3501;63.3529
3681;209318000;2020-01-01 09:00:35;7.7;227.5;225;0;8.4;8.34953;63.3526
3682;209318000;2020-01-01 09:00:44;7.7;228.1;225;0;7.8;8.34894;63.3524
3683;209318000;2020-01-01 09:00:55;7.7;228.0;225;0;6.4;8.34836;63.3522
3684;209318000;2020-01-01 09:01:04;7.6;227.5;225;0;7.6;8.34781;63.352
3685;209318000;2020-01-01 09:01:15;7.6;227.6;225;0;7.8;8.34721;63.3517
3686;209318000;2020-01-01 09:01:26;7.5;226.9;224;0;6.5;8.34661;63.3515
3687;209318000;2020-01-01 09:01:34;7.5;225.8;225;0;10.4;8.34606;63.3512
3688;209318000;2020-01-01 09:01:45;7.4;225.8;224;0;6.0;8.34552;63.351
3689;209318000;2020-01-01 09:01:54;7.4;224.8;224;0;8.2;8.3449;63.3508
3690;209318000;2020-01-01 09:02:05;7.3;224.5;224;0;7.6;8.34435;63.3505
3691;209318000;2020-01-01 09:02:16;7.4;223.9;224;0;6.2;8.3438;63.3503
3692;209318000;2020-01-01 09:02:25;7.4;225.9;225;0;7.6;8.34324;63.3501
3693;209318000;2020-01-01 09:02:35;7.4;227.9;225;0;8.4;8.34268;63.3498
3694;209318000;2020-01-01 09:02:44;7.4;229.1;225;0;7.8;8.34211;63.3496
3695;209318000;2020-01-01 09:02:55;7.4;229.5;225;0;6.2;8.34155;63.3494
3696;209318000;2020-01-01 09:03:03;7.4;229.8;225;0;8.0;8.34105;63.3492
3697;209318000;2020-01-01 09:03:15;7.3;229.1;224;0;7.5;8.3404;63.3489
3698;209318000;2020-01-01 09:03:25;7.3;229.2;224;0;6.0;8.33996;63.3487
3699;209318000;2020-01-01 09:03:34;7.4;228.4;225;0;9.9;8.33932;63.3484
3700;209318000;2020-01-01 09:03:45;7.4;228.4;225;0;6.4;8.33875;63.3482
3701;209318000;2020-01-01 09:03:54;7.4;228.8;225;0;7.6;8.33819;63.348
3702;209318000;2020-01-01 09:04:04;7.4;228.1;224;0;6.4;8.3377;63.3478
3703;209318000;2020-01-01 09:04:16;7.5;228.0;225;0;7.3;8.33707;63.3475
3704;209318000;2020-01-01 09:04:24;7.5;226.9;225;0;8.0;8.33657;63.3473
3705;209318000;2020-01-01 09:04:35;7.5;227.6;224;0;8.0;8.33596;63.347
3706;209318000;2020-01-01 09:04:44;7.5;227.0;224;0;7.1;8.33547;63.3468
3707;209318000;2020-01-01 09:04:55;7.6;226.8;225;0;6.5;8.33487;63.3466
3708;209318000;2020-01-01 09:05:03;7.6;227.1;225;0;10.2;8.33435;63.3463
3709;209318000;2020-01-01 09:05:15;7.7;227.2;224;0;6.2;8.33372;63.3461
3710;209318000;2020-01-01 09:05:25;7.7;226.9;224;0;8.2;8.33319;63.3458
3711;209318000;2020-01-01 09:05:34;7.9;227.1;225;0;8.2;8.33255;63.3456
3712;209318000;2020-01-01 09:05:45;7.9;227.6;225;0;7.4;8.33202;63.3453
3713;209318000;2020-01-01 09:05:55;8.0;227.5;224;0;8.0;8.33132;63.3451
3714;209318000;2020-01-01 09:06:04;8.0;226.6;224;0;9.1;8.33078;63.3448
3715;209318000;2020-01-01 09:06:16;8.0;226.8;224;0;7.5;8.33014;63.3445
3716;209318000;2020-01-01 09:06:24;8.1;226.4;224;0;8.3;8.32961;63.3443
3717;209318000;2020-01-01 09:06:35;8.1;225.2;225;0;8.1;8.32897;63.344
3718;209318000;2020-01-01 09:06:43;8.1;225.0;225;0;8.3;8.32844;63.3438
3719;209318000;2020-01-01 09:06:54;8.1;225.6;225;0;8.3;8.32776;63.3435
3720;209318000;2020-01-01 09:07:03;8.1;225.9;225;0;7.6;8.32721;63.3433
3721;209318000;2020-01-01 09:07:16;8.0;226.5;225;0;7.0;8.32653;63.343
3722;209318000;2020-01-01 09:07:26;8.0;226.5;225;0;8.9;8.32587;63.3427
3723;209318000;2020-01-01 09:07:34;8.0;227.2;225;0;8.5;8.32532;63.3425
3724;209318000;2020-01-01 09:07:44;8.1;227.2;225;0;6.8;8.32476;63.3423
3725;209318000;2020-01-01 09:07:55;8.1;227.2;225;0;8.3;8.32407;63.342
3726;209318000;2020-01-01 09:08:04;8.1;227.5;225;0;9.3;8.32352;63.3417
3727;209318000;2020-01-01 09:08:15;8.0;227.8;225;0;6.5;8.32292;63.3415
3728;209318000;2020-01-01 09:08:26;8.0;227.4;225;0;8.1;8.32226;63.3412
3729;209318000;2020-01-01 09:08:35;8.0;227.6;225;0;8.0;8.32165;63.341
3730;209318000;2020-01-01 09:08:43;8.0;228.2;225;0;10.4;8.32109;63.3407
3731;209318000;2020-01-01 09:08:54;8.0;228.5;224;0;6.9;8.32043;63.3405
3732;209318000;2020-01-01 09:09:04;8.0;228.2;224;0;8.4;8.31988;63.3402
3733;209318000;2020-01-01 09:09:14;7.9;227.8;224;0;7.0;8.3193;63.34
3734;209318000;2020-01-01 09:09:25;7.9;227.5;224;0;8.1;8.31866;63.3397
3735;209318000;2020-01-01 09:09:35;7.9;227.0;224;0;8.6;8.31806;63.3394
3736;209318000;2020-01-01 09:09:44;7.8;226.5;224;0;7.3;8.31754;63.3392
3737;209318000;2020-01-01 09:09:55;7.8;226.1;224;0;8.1;8.3169;63.3389
3738;209318000;2020-01-01 09:10:03;7.7;225.8;224;0;7.5;8.31644;63.3387
3739;209318000;2020-01-01 09:10:15;7.7;225.9;224;0;6.2;8.31582;63.3385
3740;209318000;2020-01-01 09:10:26;7.7;226.1;224;0;8.0;8.31521;63.3382
3741;209318000;2020-01-01 09:10:34;7.7;226.2;224;0;8.7;8.31464;63.338
3742;209318000;2020-01-01 09:10:43;7.7;226.2;225;0;9.1;8.31411;63.3377
333283;249359000;2020-01-01 08:50:47;8.6;127.8;129;0;8.2;9.9706;63.4668
333284;249359000;2020-01-01 08:50:58;8.6;127.8;129;0;8.5;9.97132;63.4665
333285;249359000;2020-01-01 08:51:08;8.6;127.8;129;0;8.0;9.97202;63.4663
333286;249359000;2020-01-01 08:51:17;8.6;127.9;129;0;10.4;9.97274;63.466
333287;249359000;2020-01-01 08:51:28;8.6;128.0;129;0;7.6;9.9735;63.4658
333288;249359000;2020-01-01 08:51:48;8.6;127.6;129;0;8.5;9.97485;63.4653
333289;249359000;2020-01-01 08:51:58;8.6;127.8;129;0;8.0;9.97555;63.4651
333290;249359000;2020-01-01 08:52:07;8.6;127.9;129;0;10.4;9.97626;63.4648
333291;249359000;2020-01-01 08:52:18;8.6;127.9;129;0;7.2;9.97697;63.4646
333292;249359000;2020-01-01 08:52:29;8.6;128.0;129;0;8.8;9.97774;63.4643
333293;249359000;2020-01-01 08:52:49;8.6;130.6;127;0;8.5;9.9791;63.4638
333294;249359000;2020-01-01 08:52:52;8.6;131.2;125;0;9.1;9.9793;63.4637
333295;249359000;2020-01-01 08:52:54;8.6;131.2;124;0;13.6;9.9795;63.4636
333296;249359000;2020-01-01 08:52:57;8.6;130.6;123;0;9.7;9.97971;63.4635
333297;249359000;2020-01-01 08:53:01;8.6;129.8;121;0;8.7;9.98;63.4634
333298;249359000;2020-01-01 08:53:05;8.6;128.1;120;0;8.7;9.98029;63.4633
333299;249359000;2020-01-01 08:53:08;8.6;126.8;120;0;4.5;9.98044;63.4633
333300;249359000;2020-01-01 08:53:12;8.6;125.2;119;0;8.7;9.98074;63.4632
333301;249359000;2020-01-01 08:53:15;8.6;123.8;119;0;7.1;9.98097;63.4632
333302;249359000;2020-01-01 08:53:17;8.6;123.1;119;0;14.6;9.9812;63.4631
333303;249359000;2020-01-01 08:53:21;8.6;121.5;119;0;8.7;9.9815;63.463
333304;249359000;2020-01-01 08:53:24;8.7;121.0;119;0;7.1;9.98173;63.463
333305;249359000;2020-01-01 08:53:28;8.7;120.7;119;0;9.2;9.98204;63.4629
333306;249359000;2020-01-01 08:53:32;8.7;120.7;118;0;7.8;9.98228;63.4628
333307;249359000;2020-01-01 08:53:36;8.7;121.3;117;0;9.2;9.98259;63.4627
333308;249359000;2020-01-01 08:53:42;8.7;122.4;114;0;7.8;9.98303;63.4626
333309;249359000;2020-01-01 08:53:48;8.7;122.3;109;0;11.0;9.98357;63.4624
333310;249359000;2020-01-01 08:53:55;8.7;120.2;105;0;8.1;9.98412;63.4623
333311;249359000;2020-01-01 08:53:58;8.7;119.0;103;0;4.5;9.98428;63.4623
333312;249359000;2020-01-01 08:54:02;8.7;117.2;101;0;9.2;9.98461;63.4622
333313;249359000;2020-01-01 08:54:04;8.7;115.5;98;0;11.7;9.98487;63.4622
333314;249359000;2020-01-01 08:54:07;8.7;113.9;97;0;10.4;9.98512;63.4621
333315;249359000;2020-01-01 08:54:11;8.6;111.6;95;0;7.8;9.98545;63.4621
333316;249359000;2020-01-01 08:54:15;8.6;109.6;93;0;7.8;9.9857;63.462
333317;249359000;2020-01-01 08:54:18;8.6;108.1;92;0;7.8;9.98595;63.462
333318;249359000;2020-01-01 08:54:22;8.6;104.7;91;0;8.3;9.9863;63.462
333319;249359000;2020-01-01 08:54:25;8.6;102.4;91;0;11.0;9.98656;63.4619
333320;249359000;2020-01-01 08:54:29;8.6;100.2;91;0;8.3;9.98692;63.4619
333321;249359000;2020-01-01 08:54:31;8.6;99.0;90;0;12.6;9.98719;63.4619
333322;249359000;2020-01-01 08:54:34;8.6;98.1;90;0;8.4;9.98746;63.4619
333323;249359000;2020-01-01 08:54:41;8.8;96.5;89;0;9.2;9.9881;63.4618
333324;249359000;2020-01-01 08:54:49;8.9;95.3;89;0;7.8;9.98876;63.4618
333325;249359000;2020-01-01 08:54:57;9.1;93.0;89;0;9.7;9.98958;63.4618
333326;249359000;2020-01-01 08:55:08;9.3;92.7;90;0;8.0;9.9905;63.4618
333327;249359000;2020-01-01 08:55:17;9.4;92.8;90;0;10.6;9.99149;63.4618
333328;249359000;2020-01-01 08:55:28;9.6;93.3;89;0;9.7;9.99258;63.4617
333329;249359000;2020-01-01 08:55:48;9.8;92.4;90;0;9.7;9.99461;63.4617
333330;249359000;2020-01-01 08:55:58;9.9;92.7;90;0;8.7;9.99552;63.4617
333331;249359000;2020-01-01 08:56:07;10.0;92.8;90;0;11.0;9.99655;63.4617
333332;249359000;2020-01-01 08:56:19;10.1;92.7;90;0;10.0;9.99779;63.4616
333333;249359000;2020-01-01 08:56:28;10.2;91.8;90;0;8.9;9.99863;63.4616
333334;249359000;2020-01-01 08:56:49;10.3;92.6;91;0;9.9;10.0008;63.4616
333335;249359000;2020-01-01 08:56:59;10.4;93.0;90;0;10.5;10.0019;63.4616
333336;249359000;2020-01-01 08:57:09;10.5;92.8;87;0;11.7;10.0031;63.4615
333337;249359000;2020-01-01 08:57:20;10.5;90.3;87;0;9.5;10.0042;63.4615
333338;249359000;2020-01-01 08:57:27;10.6;89.2;87;0;12.2;10.0051;63.4615
333339;249359000;2020-01-01 08:57:49;10.7;88.9;87;0;10.1;10.0074;63.4616
333340;249359000;2020-01-01 08:57:58;10.7;89.1;87;0;12.7;10.0086;63.4616
333341;249359000;2020-01-01 08:58:10;10.8;88.8;86;0;9.6;10.0098;63.4616
333342;249359000;2020-01-01 08:58:20;10.9;87.9;86;0;10.5;10.0109;63.4616
333343;249359000;2020-01-01 08:58:28;10.9;87.5;86;0;10.7;10.0118;63.4616
333344;249359000;2020-01-01 08:58:48;10.9;87.8;87;0;11.6;10.0142;63.4617
333345;249359000;2020-01-01 08:58:59;10.9;88.0;86;0;9.5;10.0153;63.4617
333346;249359000;2020-01-01 08:59:10;10.9;87.7;87;0;10.4;10.0165;63.4617
333347;249359000;2020-01-01 08:59:19;10.9;87.6;87;0;11.7;10.0176;63.4617
333348;249359000;2020-01-01 08:59:27;10.9;87.3;87;0;10.7;10.0185;63.4617
333349;249359000;2020-01-01 08:59:49;10.9;87.8;87;0;10.5;10.0209;63.4618
333350;249359000;2020-01-01 08:59:58;10.9;88.0;87;0;12.7;10.0221;63.4618
333351;249359000;2020-01-01 09:00:09;10.9;87.8;86;0;10.4;10.0233;63.4618
333352;249359000;2020-01-01 09:00:17;10.9;87.0;87;0;10.7;10.0242;63.4618
333353;249359000;2020-01-01 09:00:28;10.9;87.7;87;0;10.6;10.0254;63.4619
333354;249359000;2020-01-01 09:00:58;10.9;87.4;87;0;10.6;10.0287;63.4619
333355;249359000;2020-01-01 09:01:10;10.9;87.6;87;0;11.2;10.0301;63.4619
333356;249359000;2020-01-01 09:01:18;10.9;88.4;87;0;10.7;10.031;63.4619
333357;249359000;2020-01-01 09:01:29;10.9;88.6;87;0;10.6;10.0322;63.462
333358;249359000;2020-01-01 09:01:57;10.9;87.8;87;0;11.3;10.0355;63.462
333359;249359000;2020-01-01 09:02:09;10.9;88.5;87;0;9.6;10.0367;63.462
333360;249359000;2020-01-01 09:02:17;10.9;88.8;87;0;11.9;10.0377;63.462
333361;249359000;2020-01-01 09:02:28;11.0;88.2;87;0;10.6;10.0389;63.4621
333362;249359000;2020-01-01 09:02:48;10.9;87.8;87;0;11.1;10.0412;63.4621
333363;249359000;2020-01-01 09:02:58;10.9;88.4;88;0;9.5;10.0422;63.4621
333364;249359000;2020-01-01 09:03:09;11.0;89.0;87;0;11.3;10.0435;63.4621
333365;249359000;2020-01-01 09:03:18;11.0;88.5;87;0;10.8;10.0445;63.4622
333366;249359000;2020-01-01 09:03:29;10.9;88.1;87;0;10.4;10.0457;63.4622
333367;249359000;2020-01-01 09:03:49;11.0;88.5;87;0;11.1;10.048;63.4622
333368;249359000;2020-01-01 09:03:57;11.0;88.6;87;0;11.9;10.049;63.4622
333369;249359000;2020-01-01 09:04:08;11.0;88.1;87;0;11.3;10.0503;63.4622
333370;249359000;2020-01-01 09:04:17;11.0;88.1;87;0;10.6;10.0513;63.4622
333371;249359000;2020-01-01 09:04:28;11.0;87.8;86;0;11.5;10.0526;63.4623
333372;249359000;2020-01-01 09:04:48;10.9;84.4;87;0;10.6;10.0548;63.4624
333373;249359000;2020-01-01 09:04:58;10.8;85.0;87;0;9.5;10.0558;63.4624
333374;249359000;2020-01-01 09:05:09;10.7;85.5;87;0;11.3;10.0571;63.4624
333375;249359000;2020-01-01 09:05:18;10.7;85.2;87;0;10.8;10.0581;63.4625
333376;249359000;2020-01-01 09:05:29;10.7;84.8;87;0;10.4;10.0593;63.4625
333377;249359000;2020-01-01 09:05:49;10.6;85.7;88;0;10.6;10.0615;63.4626
333378;249359000;2020-01-01 09:06:00;10.5;86.7;86;0;9.5;10.0626;63.4626
333379;249359000;2020-01-01 09:06:04;10.5;87.6;83;0;14.1;10.0632;63.4626
333380;249359000;2020-01-01 09:06:08;10.5;87.4;81;0;10.7;10.0636;63.4627
333381;249359000;2020-01-01 09:06:12;10.5;86.5;80;0;6.8;10.0639;63.4627
333382;249359000;2020-01-01 09:06:15;10.4;84.7;79;0;12.3;10.0643;63.4627
333383;249359000;2020-01-01 09:06:17;10.4;82.8;79;0;13.6;10.0646;63.4627
333384;249359000;2020-01-01 09:06:22;10.4;81.1;78;0;7.4;10.065;63.4627
333385;249359000;2020-01-01 09:06:24;10.4;80.0;78;0;17.5;10.0653;63.4628
333386;249359000;2020-01-01 09:06:28;10.4;78.9;78;0;9.2;10.0657;63.4628
333387;249359000;2020-01-01 09:06:31;10.4;78.6;77;0;9.1;10.066;63.4628
333388;249359000;2020-01-01 09:06:35;10.4;77.7;77;0;13.1;10.0665;63.4629
333389;249359000;2020-01-01 09:06:42;10.4;76.6;77;0;8.1;10.0671;63.4629
333390;249359000;2020-01-01 09:06:47;10.4;75.3;77;0;12.1;10.0677;63.463
333391;249359000;2020-01-01 09:06:59;10.4;74.6;77;0;11.0;10.069;63.4632
333392;249359000;2020-01-01 09:07:09;10.4;74.8;77;0;8.9;10.0699;63.4633
333393;249359000;2020-01-01 09:07:17;10.4;75.1;77;0;11.2;10.0708;63.4634
333394;249359000;2020-01-01 09:07:29;10.4;75.3;77;0;9.7;10.072;63.4635
333395;249359000;2020-01-01 09:07:48;10.4;74.5;77;0;10.2;10.0739;63.4638
333396;249359000;2020-01-01 09:08:00;10.4;74.5;78;0;10.5;10.0752;63.4639
333397;249359000;2020-01-01 09:08:08;10.4;75.0;77;0;11.2;10.0761;63.464
333398;249359000;2020-01-01 09:08:19;10.4;75.2;77;0;9.7;10.0772;63.4641
333399;249359000;2020-01-01 09:08:28;10.4;74.5;77;0;11.7;10.0782;63.4643
333400;249359000;2020-01-01 09:08:47;10.5;74.9;77;0;10.3;10.0802;63.4645
333401;249359000;2020-01-01 09:09:09;10.5;74.2;77;0;10.1;10.0824;63.4648
333402;249359000;2020-01-01 09:09:18;10.5;73.8;77;0;10.8;10.0834;63.4649
333403;249359000;2020-01-01 09:09:29;10.5;74.7;77;0;9.7;10.0845;63.465
333404;249359000;2020-01-01 09:09:48;10.5;74.1;77;0;10.6;10.0865;63.4653
333405;249359000;2020-01-01 09:09:59;10.5;74.6;78;0;11.1;10.0877;63.4655
333406;249359000;2020-01-01 09:10:08;10.5;74.7;78;0;10.8;10.0887;63.4656
333407;249359000;2020-01-01 09:10:19;10.5;74.9;77;0;8.8;10.0897;63.4657
333408;249359000;2020-01-01 09:10:29;10.5;74.7;77;0;10.7;10.0908;63.4658
517270;257004510;2020-01-01 08:51:01;0.0;329.0;511;-99;0.1;7.96146;63.5136
555214;257025970;2020-01-01 08:53:06;2.0;169.8;511;-99;1.0;9.07864;63.4567
555215;257025970;2020-01-01 08:53:37;6.7;253.8;511;-99;2.8;9.07785;63.4565
555216;257025970;2020-01-01 08:54:07;6.4;243.6;511;-99;6.1;9.07607;63.4562
555217;257025970;2020-01-01 08:54:37;6.2;244.6;511;-99;5.8;9.07431;63.456
555218;257025970;2020-01-01 08:55:08;2.9;313.2;511;-99;2.9;9.07339;63.4559
555219;257025970;2020-01-01 08:56:09;6.8;244.8;511;-99;4.0;9.07101;63.4555
555220;257025970;2020-01-01 08:56:37;7.1;303.8;511;-99;5.9;9.06928;63.4555
555221;257025970;2020-01-01 08:57:08;9.4;353.0;511;-99;7.9;9.06862;63.4566
555222;257025970;2020-01-01 08:59:08;9.3;85.0;511;-99;8.4;9.07702;63.4594
555223;257025970;2020-01-01 08:59:38;8.3;104.1;511;-99;8.9;9.07977;63.4593
555224;257025970;2020-01-01 09:00:06;2.4;79.1;511;-99;5.5;9.0813;63.4591
555225;257025970;2020-01-01 09:00:39;0.6;235.1;511;-99;0.6;9.08137;63.459
629845;257042540;2020-01-01 08:52:18;0.0;346.2;124;0;0.4;7.97226;63.5085
629846;257042540;2020-01-01 08:52:46;0.0;351.0;123;0;0.2;7.97233;63.5085
629847;257042540;2020-01-01 09:01:18;0.0;317.8;123;0;0.1;7.97227;63.5085
629848;257042540;2020-01-01 09:02:17;0.0;306.0;124;0;0.1;7.97235;63.5085
856169;257057980;2020-01-01 08:50:54;8.5;164.2;178;0;6.0;10.2028;63.4563
856170;257057980;2020-01-01 08:51:01;8.4;165.4;179;0;12.5;10.203;63.4559
856171;257057980;2020-01-01 08:51:13;8.3;169.8;181;0;7.1;10.2031;63.4555
856172;257057980;2020-01-01 08:51:22;8.1;171.2;183;0;7.3;10.2033;63.4552
856173;257057980;2020-01-01 08:51:33;7.4;172.1;185;0;7.8;10.2034;63.4548
856174;257057980;2020-01-01 08:51:43;6.9;173.5;187;0;6.4;10.2035;63.4545
856175;257057980;2020-01-01 08:51:54;6.3;175.2;189;0;7.8;10.2036;63.4541
856176;257057980;2020-01-01 08:52:02;5.9;177.2;190;0;5.3;10.2036;63.4539
856177;257057980;2020-01-01 08:52:12;5.4;178.0;192;0;6.4;10.2036;63.4536
856178;257057980;2020-01-01 08:52:22;4.9;181.1;194;0;4.3;10.2036;63.4534
856179;257057980;2020-01-01 08:52:33;4.2;184.2;196;0;3.9;10.2036;63.4532
856180;257057980;2020-01-01 08:52:42;4.0;190.5;199;0;4.8;10.2036;63.453
856181;257057980;2020-01-01 08:52:53;3.7;191.4;201;0;3.9;10.2035;63.4528
856182;257057980;2020-01-01 08:53:01;3.5;190.6;204;0;5.3;10.2035;63.4526
856183;257057980;2020-01-01 08:53:12;3.4;187.4;208;0;2.1;10.2034;63.4525
856184;257057980;2020-01-01 08:53:23;3.1;188.8;211;0;2.1;10.2033;63.4524
856185;257057980;2020-01-01 08:53:32;2.7;196.9;214;0;4.8;10.2033;63.4522
856186;257057980;2020-01-01 08:53:43;2.4;197.5;216;0;2.1;10.2032;63.4521
856187;257057980;2020-01-01 08:53:52;1.9;205.4;218;0;2.6;10.2031;63.452
856188;257057980;2020-01-01 08:54:02;1.6;214.4;219;0;2.3;10.203;63.4519
856189;257057980;2020-01-01 08:54:13;1.8;196.8;220;0;0.7;10.2029;63.4519
856190;257057980;2020-01-01 08:54:22;1.8;201.5;221;0;2.4;10.2029;63.4518
856191;257057980;2020-01-01 08:54:33;1.2;202.8;224;0;2.1;10.2028;63.4517
856192;257057980;2020-01-01 08:54:42;0.7;222.0;224;0;0.9;10.2027;63.4517
856193;257057980;2020-01-01 08:55:01;0.7;225.2;226;0;2.7;10.2027;63.4516
856194;257057980;2020-01-01 08:55:12;0.7;224.1;226;0;0.7;10.2026;63.4516
856195;257057980;2020-01-01 08:55:32;0.3;222.2;226;0;0.9;10.2025;63.4516
856196;257057980;2020-01-01 09:01:03;1.4;32.0;226;0;0.7;10.2026;63.4516
856197;257057980;2020-01-01 09:01:14;2.2;31.6;225;0;2.1;10.2027;63.4517
856198;257057980;2020-01-01 09:01:22;2.9;32.7;224;0;2.9;10.2028;63.4518
856199;257057980;2020-01-01 09:01:42;4.0;36.4;224;0;2.8;10.2032;63.452
856200;257057980;2020-01-01 09:01:53;4.6;33.6;222;0;4.6;10.2035;63.4522
856201;257057980;2020-01-01 09:02:04;5.1;33.0;221;0;4.6;10.2038;63.4524
856202;257057980;2020-01-01 09:02:13;5.6;31.3;220;0;5.6;10.2041;63.4526
856203;257057980;2020-01-01 09:02:20;6.0;30.2;37;0;6.7;10.2043;63.4528
856204;257057980;2020-01-01 09:02:23;6.1;29.2;36;0;7.8;10.2044;63.4529
856205;257057980;2020-01-01 09:02:27;6.5;26.7;34;0;1.9;10.2045;63.4529
856206;257057980;2020-01-01 09:02:29;6.8;25.2;32;0;11.7;10.2046;63.453
856207;257057980;2020-01-01 09:02:32;7.3;23.0;29;0;7.8;10.2047;63.4531
856208;257057980;2020-01-01 09:02:36;7.5;20.9;26;0;5.8;10.2048;63.4532
856209;257057980;2020-01-01 09:02:39;7.8;19.4;22;0;7.8;10.2049;63.4533
856210;257057980;2020-01-01 09:02:42;8.1;16.7;19;0;7.1;10.2049;63.4534
856211;257057980;2020-01-01 09:02:46;8.4;14.0;15;0;10.7;10.205;63.4536
856212;257057980;2020-01-01 09:02:50;8.7;11.8;11;0;5.8;10.2051;63.4537
856213;257057980;2020-01-01 09:02:52;9.0;9.6;8;0;21.4;10.2052;63.4539
856214;257057980;2020-01-01 09:02:56;9.4;9.3;5;0;5.3;10.2052;63.454
856215;257057980;2020-01-01 09:02:59;9.5;6.4;2;0;7.1;10.2052;63.4541
856216;257057980;2020-01-01 09:03:03;9.8;5.9;359;0;10.7;10.2053;63.4543
856217;257057980;2020-01-01 09:03:07;10.0;4.0;357;0;5.3;10.2053;63.4544
856218;257057980;2020-01-01 09:03:10;10.0;1.0;355;0;14.3;10.2053;63.4546
856219;257057980;2020-01-01 09:03:14;10.1;0.4;352;0;10.7;10.2053;63.4548
856220;257057980;2020-01-01 09:03:17;10.2;356.8;350;0;7.1;10.2053;63.4549
856221;257057980;2020-01-01 09:03:19;10.4;355.5;348;0;21.4;10.2053;63.4551
856222;257057980;2020-01-01 09:03:22;10.4;353.0;346;0;7.1;10.2053;63.4552
856223;257057980;2020-01-01 09:03:26;10.7;348.8;344;0;10.7;10.2052;63.4554
856224;257057980;2020-01-01 09:03:30;10.9;348.8;343;0;10.7;10.2051;63.4556
856225;257057980;2020-01-01 09:03:33;11.1;346.8;342;0;7.1;10.2051;63.4557
856226;257057980;2020-01-01 09:03:37;11.2;345.5;341;0;11.7;10.2049;63.4559
856227;257057980;2020-01-01 09:03:40;11.4;344.2;340;0;14.3;10.2048;63.4561
856228;257057980;2020-01-01 09:03:42;11.4;343.0;340;0;11.7;10.2047;63.4562
856229;257057980;2020-01-01 09:03:46;11.7;343.2;340;0;10.7;10.2046;63.4564
856230;257057980;2020-01-01 09:03:49;11.8;343.0;340;0;14.3;10.2045;63.4566
856231;257057980;2020-01-01 09:03:56;12.0;342.8;340;0;10.0;10.2042;63.4569
856232;257057980;2020-01-01 09:04:00;12.1;343.0;340;0;10.7;10.2041;63.4571
856233;257057980;2020-01-01 09:04:04;12.3;343.0;339;0;10.7;10.204;63.4573
856234;257057980;2020-01-01 09:04:07;12.5;343.0;339;0;14.3;10.2039;63.4575
856235;257057980;2020-01-01 09:04:09;12.4;342.2;338;0;11.7;10.2038;63.4576
856236;257057980;2020-01-01 09:04:13;12.6;341.5;336;0;16.5;10.2036;63.4579
856237;257057980;2020-01-01 09:04:23;12.7;339.0;335;0;9.3;10.2032;63.4583
856238;257057980;2020-01-01 09:04:34;12.9;338.5;335;0;14.7;10.2026;63.459
856239;257057980;2020-01-01 09:04:43;13.0;339.0;335;0;12.7;10.2022;63.4595
856240;257057980;2020-01-01 09:04:52;13.0;338.8;334;0;13.0;10.2017;63.46
856241;257057980;2020-01-01 09:05:03;12.7;338.2;334;0;12.5;10.2012;63.4606
856242;257057980;2020-01-01 09:05:14;12.4;338.5;334;0;12.5;10.2007;63.4612
856243;257057980;2020-01-01 09:05:22;12.3;339.0;334;0;11.7;10.2003;63.4616
856244;257057980;2020-01-01 09:05:33;12.0;338.5;333;0;14.3;10.1998;63.4623
856245;257057980;2020-01-01 09:05:42;12.0;338.5;333;0;10.4;10.1994;63.4627
856246;257057980;2020-01-01 09:05:53;11.8;339.0;333;0;10.6;10.1989;63.4632
856247;257057980;2020-01-01 09:06:04;11.6;338.8;333;0;10.4;10.1985;63.4637
856248;257057980;2020-01-01 09:06:13;11.8;339.2;333;0;14.9;10.1981;63.4643
856249;257057980;2020-01-01 09:06:23;11.8;339.0;333;0;9.3;10.1977;63.4647
856250;257057980;2020-01-01 09:06:34;11.6;338.2;333;0;12.9;10.1971;63.4653
856251;257057980;2020-01-01 09:06:43;11.7;338.2;333;0;9.9;10.1968;63.4657
856252;257057980;2020-01-01 09:06:53;11.7;339.0;333;0;13.8;10.1963;63.4663
856253;257057980;2020-01-01 09:07:02;11.6;339.5;333;0;10.4;10.1959;63.4667
856254;257057980;2020-01-01 09:07:13;11.6;339.5;334;0;12.2;10.1955;63.4673
856255;257057980;2020-01-01 09:07:22;11.7;340.0;333;0;12.7;10.1951;63.4678
856256;257057980;2020-01-01 09:07:33;11.7;339.5;333;0;12.5;10.1946;63.4684
856257;257057980;2020-01-01 09:07:43;11.6;339.5;334;0;8.9;10.1943;63.4688
856258;257057980;2020-01-01 09:07:52;11.6;340.0;334;0;13.0;10.1938;63.4693
856259;257057980;2020-01-01 09:08:03;11.7;340.0;334;0;10.4;10.1934;63.4698
856260;257057980;2020-01-01 09:08:12;11.7;339.2;334;0;12.7;10.193;63.4703
856261;257057980;2020-01-01 09:08:23;11.7;340.0;334;0;10.4;10.1926;63.4708
856262;257057980;2020-01-01 09:08:34;11.8;341.5;334;0;12.5;10.1921;63.4714
856263;257057980;2020-01-01 09:08:42;11.7;341.2;334;0;11.2;10.1918;63.4718
856264;257057980;2020-01-01 09:08:53;11.8;341.0;334;0;12.5;10.1913;63.4724
856265;257057980;2020-01-01 09:09:13;11.7;340.8;334;0;11.5;10.1905;63.4734
856266;257057980;2020-01-01 09:09:22;11.7;340.5;334;0;12.3;10.1902;63.4739
856267;257057980;2020-01-01 09:09:33;11.8;341.2;334;0;12.5;10.1897;63.4745
856268;257057980;2020-01-01 09:09:41;11.8;340.5;335;0;11.2;10.1894;63.4749
856269;257057980;2020-01-01 09:09:52;11.8;341.0;335;0;10.4;10.189;63.4754
856270;257057980;2020-01-01 09:10:03;11.8;340.0;335;0;10.4;10.1886;63.4759
856271;257057980;2020-01-01 09:10:12;11.7;340.5;335;0;14.9;10.1882;63.4765
856272;257057980;2020-01-01 09:10:23;11.8;340.2;335;0;10.4;10.1878;63.477
856273;257057980;2020-01-01 09:10:34;11.9;340.8;333;0;12.5;10.1873;63.4776
856274;257057980;2020-01-01 09:10:42;11.8;340.5;331;0;11.2;10.187;63.478
977849;257082200;2020-01-01 08:50:47;8.9;213.9;212;0;10.8;10.0738;63.4675
977850;257082200;2020-01-01 08:51:00;8.9;214.9;212;0;6.6;10.0732;63.4672
977851;257082200;2020-01-01 08:51:09;8.9;215.1;212;0;10.8;10.0727;63.4668
977852;257082200;2020-01-01 08:51:18;8.9;214.5;211;0;8.9;10.0722;63.4665
977853;257082200;2020-01-01 08:51:28;9.0;213.8;211;0;9.7;10.0717;63.4661
977854;257082200;2020-01-01 08:51:39;9.0;214.1;212;0;7.2;10.0712;63.4658
977855;257082200;2020-01-01 08:51:48;9.0;215.0;212;0;8.9;10.0707;63.4655
977856;257082200;2020-01-01 08:51:59;9.0;214.4;211;0;9.4;10.0701;63.4651
977857;257082200;2020-01-01 08:52:10;9.0;213.5;211;0;8.8;10.0696;63.4647
977858;257082200;2020-01-01 08:52:18;9.0;214.2;212;0;10.0;10.0691;63.4644
977859;257082200;2020-01-01 08:52:29;9.0;214.2;212;0;7.8;10.0685;63.4641
977860;257082200;2020-01-01 08:52:38;9.0;214.0;212;0;10.4;10.0681;63.4637
977861;257082200;2020-01-01 08:52:48;9.0;214.2;212;0;8.0;10.0676;63.4634
977862;257082200;2020-01-01 08:53:00;9.0;214.4;212;0;8.6;10.067;63.463
977863;257082200;2020-01-01 08:53:09;9.0;213.9;212;0;8.9;10.0665;63.4627
977864;257082200;2020-01-01 08:53:19;9.0;213.8;212;0;9.7;10.066;63.4623
977865;257082200;2020-01-01 08:53:28;9.0;213.8;212;0;8.9;10.0655;63.462
977866;257082200;2020-01-01 08:53:39;9.0;214.0;212;0;7.2;10.065;63.4617
977867;257082200;2020-01-01 08:53:47;9.0;213.2;211;0;10.0;10.0645;63.4614
977868;257082200;2020-01-01 08:53:59;9.0;212.2;211;0;9.7;10.064;63.4609
977869;257082200;2020-01-01 08:54:10;8.9;212.6;212;0;7.2;10.0635;63.4606
977870;257082200;2020-01-01 08:54:18;8.9;212.9;211;0;10.0;10.063;63.4603
977871;257082200;2020-01-01 08:54:29;8.9;212.2;211;0;8.8;10.0625;63.4599
977872;257082200;2020-01-01 08:54:38;8.9;211.6;212;0;8.9;10.062;63.4596
977873;257082200;2020-01-01 08:54:48;8.9;212.8;212;0;9.7;10.0615;63.4592
977874;257082200;2020-01-01 08:54:58;9.0;212.1;211;0;8.0;10.061;63.4589
977875;257082200;2020-01-01 08:55:08;8.9;211.8;212;0;9.7;10.0605;63.4585
977876;257082200;2020-01-01 08:55:19;8.9;212.0;212;0;7.2;10.06;63.4582
977877;257082200;2020-01-01 08:55:28;8.9;212.1;212;0;10.4;10.0596;63.4578
977878;257082200;2020-01-01 08:55:39;9.0;212.1;212;0;7.2;10.0591;63.4575
977879;257082200;2020-01-01 08:55:47;9.0;212.1;212;0;12.1;10.0586;63.4571
977880;257082200;2020-01-01 08:55:58;9.0;212.4;212;0;7.8;10.058;63.4568
977881;257082200;2020-01-01 08:56:09;9.0;212.0;211;0;8.5;10.0576;63.4564
977882;257082200;2020-01-01 08:56:18;9.0;211.0;211;0;10.8;10.0571;63.456
977883;257082200;2020-01-01 08:56:29;9.0;210.8;212;0;7.2;10.0566;63.4557
977884;257082200;2020-01-01 08:56:38;9.0;211.5;212;0;8.2;10.0562;63.4554
977885;257082200;2020-01-01 08:56:48;9.0;211.6;211;0;9.7;10.0557;63.455
977886;257082200;2020-01-01 08:56:59;9.1;210.6;211;0;8.8;10.0552;63.4546
977887;257082200;2020-01-01 08:57:08;9.0;211.2;212;0;10.8;10.0547;63.4542
977888;257082200;2020-01-01 08:57:19;9.0;211.8;212;0;7.2;10.0542;63.4539
977889;257082200;2020-01-01 08:57:28;9.1;210.8;211;0;10.8;10.0537;63.4535
977890;257082200;2020-01-01 08:57:39;9.1;210.4;212;0;6.7;10.0533;63.4532
977891;257082200;2020-01-01 08:57:49;9.1;210.5;210;0;9.7;10.0528;63.4528
977892;257082200;2020-01-01 08:57:58;9.2;207.6;211;0;10.4;10.0524;63.4524
977893;257082200;2020-01-01 08:58:09;9.1;208.9;212;0;7.2;10.0519;63.4521
977894;257082200;2020-01-01 08:58:18;9.1;208.8;211;0;10.8;10.0514;63.4517
977895;257082200;2020-01-01 08:58:29;9.1;207.8;211;0;8.5;10.051;63.4513
977896;257082200;2020-01-01 08:58:40;9.2;207.2;212;0;6.7;10.0506;63.451
977897;257082200;2020-01-01 08:58:48;9.2;207.6;212;0;12.1;10.0501;63.4506
977898;257082200;2020-01-01 08:59:00;9.2;207.8;211;0;7.8;10.0497;63.4502
977899;257082200;2020-01-01 08:59:08;9.2;207.6;211;0;11.7;10.0493;63.4498
977900;257082200;2020-01-01 08:59:19;9.2;207.6;211;0;7.2;10.0488;63.4495
977901;257082200;2020-01-01 08:59:28;9.2;207.4;212;0;10.4;10.0484;63.4491
977902;257082200;2020-01-01 08:59:39;9.2;207.5;212;0;8.5;10.048;63.4487
977903;257082200;2020-01-01 08:59:49;9.0;207.5;212;0;9.7;10.0475;63.4483
977904;257082200;2020-01-01 09:00:00;8.5;207.0;212;0;6.7;10.0471;63.448
977905;257082200;2020-01-01 09:00:09;8.1;206.4;212;0;7.8;10.0468;63.4477
977906;257082200;2020-01-01 09:00:20;7.7;205.8;211;0;8.1;10.0465;63.4473
977907;257082200;2020-01-01 09:00:40;7.0;203.8;211;0;6.1;10.0459;63.4468
977908;257082200;2020-01-01 09:00:48;6.8;204.0;212;0;8.7;10.0456;63.4465
977909;257082200;2020-01-01 09:00:59;6.6;204.2;212;0;6.4;10.0453;63.4462
977910;257082200;2020-01-01 09:01:07;6.5;204.9;212;0;5.8;10.0451;63.446
977911;257082200;2020-01-01 09:01:19;6.4;204.6;211;0;5.8;10.0448;63.4457
977912;257082200;2020-01-01 09:01:29;6.3;203.8;211;0;7.0;10.0445;63.4454
977913;257082200;2020-01-01 09:01:39;6.3;203.4;211;0;7.0;10.0442;63.4451
977914;257082200;2020-01-01 09:01:49;6.2;203.4;212;0;4.7;10.044;63.4449
977915;257082200;2020-01-01 09:02:00;6.1;203.8;212;0;6.4;10.0437;63.4446
977916;257082200;2020-01-01 09:02:08;6.0;204.6;212;0;5.8;10.0435;63.4444
977917;257082200;2020-01-01 09:02:20;6.0;204.8;211;0;5.8;10.0432;63.4441
977918;257082200;2020-01-01 09:02:28;5.9;203.5;210;0;5.8;10.043;63.4439
977919;257082200;2020-01-01 09:02:39;5.9;202.1;210;0;6.0;10.0428;63.4436
977920;257082200;2020-01-01 09:02:48;5.8;200.8;209;0;5.2;10.0426;63.4434
977921;257082200;2020-01-01 09:02:58;5.8;198.9;210;0;6.6;10.0424;63.4431
977922;257082200;2020-01-01 09:03:07;5.8;198.8;212;0;5.2;10.0422;63.4429
977923;257082200;2020-01-01 09:03:19;5.7;200.2;212;0;5.5;10.042;63.4426
977924;257082200;2020-01-01 09:03:29;5.6;200.4;212;0;4.7;10.0418;63.4424
977925;257082200;2020-01-01 09:03:38;5.6;200.1;212;0;5.2;10.0416;63.4422
977926;257082200;2020-01-01 09:03:49;5.5;199.8;211;0;6.0;10.0414;63.4419
977927;257082200;2020-01-01 09:03:57;5.5;199.6;211;0;5.8;10.0412;63.4417
977928;257082200;2020-01-01 09:04:08;5.5;199.0;211;0;6.0;10.041;63.4414
977929;257082200;2020-01-01 09:04:20;5.5;199.2;212;0;3.9;10.0408;63.4412
977930;257082200;2020-01-01 09:04:28;5.5;200.0;213;0;5.8;10.0406;63.441
977931;257082200;2020-01-01 09:04:39;5.5;200.6;212;0;4.2;10.0404;63.4408
977932;257082200;2020-01-01 09:04:48;5.4;200.6;211;0;7.3;10.0402;63.4405
977933;257082200;2020-01-01 09:04:58;5.4;200.6;212;0;4.7;10.04;63.4403
977934;257082200;2020-01-01 09:05:07;5.4;203.2;216;0;7.3;10.0398;63.44
977935;257082200;2020-01-01 09:05:19;5.1;210.9;220;0;4.2;10.0395;63.4398
977936;257082200;2020-01-01 09:05:29;5.0;217.6;220;0;5.1;10.0392;63.4396
977937;257082200;2020-01-01 09:05:38;4.9;219.1;215;0;3.9;10.0389;63.4395
977938;257082200;2020-01-01 09:05:49;4.7;213.8;212;0;4.6;10.0386;63.4393
977939;257082200;2020-01-01 09:05:57;4.7;211.2;212;0;5.8;10.0384;63.4391
977940;257082200;2020-01-01 09:06:08;4.7;211.4;213;0;4.6;10.0381;63.4389
977941;257082200;2020-01-01 09:06:19;4.7;212.9;213;0;4.2;10.0379;63.4387
977942;257082200;2020-01-01 09:06:30;4.7;213.8;212;0;3.2;10.0376;63.4386
977943;257082200;2020-01-01 09:06:39;4.7;212.4;210;0;5.2;10.0374;63.4384
977944;257082200;2020-01-01 09:06:49;4.6;210.5;209;0;5.1;10.0371;63.4382
977945;257082200;2020-01-01 09:06:58;4.7;208.5;209;0;5.2;10.0369;63.438
977946;257082200;2020-01-01 09:07:07;4.7;208.2;211;0;5.2;10.0367;63.4378
977947;257082200;2020-01-01 09:07:18;4.6;209.0;212;0;4.6;10.0364;63.4376
977948;257082200;2020-01-01 09:07:29;4.6;211.1;212;0;4.2;10.0362;63.4374
977949;257082200;2020-01-01 09:07:40;4.6;211.0;211;0;4.6;10.0359;63.4372
977950;257082200;2020-01-01 09:07:48;4.7;210.1;211;0;3.4;10.0357;63.4371
977951;257082200;2020-01-01 09:07:57;4.7;210.2;211;0;5.2;10.0355;63.4369
977952;257082200;2020-01-01 09:08:19;4.6;208.9;211;0;4.4;10.035;63.4365
977953;257082200;2020-01-01 09:08:30;4.6;209.2;211;0;4.2;10.0348;63.4363
977954;257082200;2020-01-01 09:08:39;4.6;210.4;212;0;5.6;10.0345;63.4361
977955;257082200;2020-01-01 09:08:49;4.6;211.8;212;0;2.7;10.0343;63.436
977956;257082200;2020-01-01 09:08:59;4.5;212.0;212;0;5.1;10.034;63.4358
977957;257082200;2020-01-01 09:09:09;4.5;211.9;211;0;5.1;10.0337;63.4356
977958;257082200;2020-01-01 09:09:29;4.5;210.9;211;0;4.7;10.0333;63.4352
977959;257082200;2020-01-01 09:09:48;4.6;212.2;212;0;4.2;10.0328;63.4349
977960;257082200;2020-01-01 09:09:59;4.6;212.2;211;0;4.6;10.0325;63.4347
977961;257082200;2020-01-01 09:10:19;4.5;209.5;210;0;3.7;10.0321;63.4344
977962;257082200;2020-01-01 09:10:30;4.6;209.2;212;0;4.6;10.0318;63.4342
977963;257082200;2020-01-01 09:10:39;4.5;210.6;212;0;5.2;10.0316;63.434
1053554;257113320;2020-01-01 08:52:30;0.2;360.0;511;15;0.1;7.79343;63.3685
1058464;257114400;2020-01-01 08:50:47;21.7;338.0;344;0;27.6;10.2494;63.5131
1058465;257114400;2020-01-01 08:50:54;21.8;343.5;350;0;19.2;10.249;63.5137
1058466;257114400;2020-01-01 08:50:58;21.8;346.2;353;0;16.5;10.2488;63.514
1058467;257114400;2020-01-01 08:51:01;21.7;349.0;354;0;36.3;10.2486;63.5145
1058468;257114400;2020-01-01 08:51:02;21.7;350.0;354;0;42.8;10.2485;63.5147
1058469;257114400;2020-01-01 08:51:05;21.8;350.8;353;0;14.3;10.2484;63.5149
1058470;257114400;2020-01-01 08:51:06;21.8;350.2;352;0;42.8;10.2484;63.5151
1058471;257114400;2020-01-01 08:51:09;21.8;350.0;354;0;14.3;10.2483;63.5153
1058472;257114400;2020-01-01 08:51:10;21.8;350.0;355;0;42.8;10.2482;63.5155
1058473;257114400;2020-01-01 08:51:17;21.7;353.8;358;0;18.6;10.248;63.5161
1058474;257114400;2020-01-01 08:51:20;21.7;355.0;0;0;14.3;10.248;63.5163
1058475;257114400;2020-01-01 08:51:21;21.8;355.5;1;0;42.8;10.248;63.5165
1058476;257114400;2020-01-01 08:51:22;21.8;357.0;358;0;23.3;10.2479;63.5166
1058477;257114400;2020-01-01 08:51:27;21.4;354.8;355;0;21.4;10.2479;63.5171
1058478;257114400;2020-01-01 08:51:28;21.4;353.0;354;0;23.3;10.2478;63.5172
1058479;257114400;2020-01-01 08:51:31;21.5;352.8;353;0;21.4;10.2477;63.5175
1058480;257114400;2020-01-01 08:51:32;21.5;352.5;354;0;21.4;10.2477;63.5176
1058481;257114400;2020-01-01 08:51:36;21.5;351.2;351;0;16.0;10.2476;63.5179
1058482;257114400;2020-01-01 08:51:39;21.5;349.5;350;0;14.3;10.2475;63.5181
1058483;257114400;2020-01-01 08:51:41;21.6;348.5;346;0;32.1;10.2474;63.5184
1058484;257114400;2020-01-01 08:51:44;21.6;343.5;341;0;29.8;10.2471;63.5188
1058485;257114400;2020-01-01 08:52:11;22.9;339.8;342;0;23.1;10.245;63.5213
1058486;257114400;2020-01-01 08:52:15;23.2;339.0;345;0;22.4;10.2447;63.5217
1058487;257114400;2020-01-01 08:52:18;23.2;340.0;345;0;15.6;10.2445;63.5219
1058488;257114400;2020-01-01 08:52:19;23.0;341.2;346;0;64.1;10.2444;63.5222
1058489;257114400;2020-01-01 08:52:22;22.9;342.8;343;0;22.0;10.2442;63.5225
1058490;257114400;2020-01-01 08:52:27;22.8;341.2;343;0;22.9;10.2438;63.523
1058491;257114400;2020-01-01 08:52:30;22.7;341.0;345;0;9.1;10.2436;63.5231
1058492;257114400;2020-01-01 08:52:34;22.5;342.2;343;0;21.9;10.2434;63.5235
1058493;257114400;2020-01-01 08:52:35;22.6;341.8;343;0;46.7;10.2432;63.5237
1058494;257114400;2020-01-01 08:52:42;22.8;340.5;342;0;19.7;10.2427;63.5243
1058495;257114400;2020-01-01 08:52:46;22.6;340.0;347;0;22.4;10.2424;63.5247
1058496;257114400;2020-01-01 08:52:49;22.5;344.0;346;0;29.2;10.2422;63.5251
1058497;257114400;2020-01-01 08:52:50;22.5;343.8;346;0;46.7;10.242;63.5253
1058498;257114400;2020-01-01 08:52:53;22.6;344.0;347;0;14.3;10.2419;63.5255
1058499;257114400;2020-01-01 08:52:56;22.7;344.5;347;0;14.3;10.2418;63.5257
1058500;257114400;2020-01-01 08:53:01;22.9;343.0;346;0;26.8;10.2414;63.5263
1058501;257114400;2020-01-01 08:53:08;23.0;344.0;348;0;19.7;10.2409;63.5269
1058502;257114400;2020-01-01 08:53:09;23.1;345.0;348;0;64.1;10.2408;63.5272
1058503;257114400;2020-01-01 08:53:13;23.0;345.8;350;0;21.9;10.2406;63.5276
1058504;257114400;2020-01-01 08:53:15;23.0;346.5;349;0;21.4;10.2405;63.5278
1058505;257114400;2020-01-01 08:53:21;22.8;346.5;347;0;22.0;10.2402;63.5284
1058506;257114400;2020-01-01 08:53:28;22.6;345.0;344;0;19.2;10.2398;63.529
1058507;257114400;2020-01-01 08:53:36;22.5;337.5;337;0;22.6;10.2392;63.5298
1058508;257114400;2020-01-01 08:53:39;22.4;334.8;335;0;24.6;10.2388;63.5301
1058509;257114400;2020-01-01 08:53:42;22.4;334.0;334;0;15.6;10.2386;63.5303
1058510;257114400;2020-01-01 08:53:50;22.4;330.2;342;0;24.5;10.2376;63.5311
1058511;257114400;2020-01-01 08:53:54;22.4;336.8;350;0;17.5;10.2373;63.5314
1058512;257114400;2020-01-01 08:53:59;22.7;346.0;352;0;26.8;10.2369;63.532
1058513;257114400;2020-01-01 08:54:02;22.8;346.8;354;0;14.3;10.2368;63.5322
1058514;257114400;2020-01-01 08:54:06;22.8;349.5;353;0;27.2;10.2366;63.5327
1058515;257114400;2020-01-01 08:54:07;22.9;349.5;352;0;42.8;10.2366;63.5329
1058516;257114400;2020-01-01 08:54:11;22.9;349.5;354;0;21.9;10.2364;63.5333
1058517;257114400;2020-01-01 08:54:15;22.9;350.5;352;0;21.9;10.2362;63.5337
1058518;257114400;2020-01-01 08:54:18;22.9;349.8;352;0;14.3;10.2361;63.5339
1058519;257114400;2020-01-01 08:54:27;23.1;349.0;352;0;26.6;10.2357;63.535
1058520;257114400;2020-01-01 08:54:30;23.2;349.0;354;0;29.2;10.2355;63.5354
1058521;257114400;2020-01-01 08:54:34;23.2;350.0;353;0;10.7;10.2354;63.5356
1058522;257114400;2020-01-01 08:54:40;23.2;350.5;354;0;21.7;10.2352;63.5362
1058523;257114400;2020-01-01 08:54:41;23.2;350.5;353;0;42.8;10.2351;63.5364
1058524;257114400;2020-01-01 08:54:49;23.1;349.5;354;0;24.8;10.2347;63.5373
1058525;257114400;2020-01-01 08:54:53;23.0;349.5;352;0;21.9;10.2345;63.5377
1058526;257114400;2020-01-01 08:54:56;22.9;349.2;352;0;14.3;10.2344;63.5379
1058527;257114400;2020-01-01 08:55:01;23.1;348.5;350;0;26.0;10.2342;63.5385
1058528;257114400;2020-01-01 08:55:08;22.9;346.5;350;0;22.2;10.2338;63.5392
1058529;257114400;2020-01-01 08:55:12;22.9;346.5;352;0;21.9;10.2336;63.5396
1058530;257114400;2020-01-01 08:55:15;22.9;348.2;352;0;29.2;10.2334;63.54
1058531;257114400;2020-01-01 08:55:17;22.7;348.8;354;0;21.4;10.2333;63.5402
1058532;257114400;2020-01-01 08:55:20;22.7;349.5;352;0;14.3;10.2332;63.5404
1058533;257114400;2020-01-01 08:55:21;22.7;349.5;351;0;42.8;10.2332;63.5406
1058534;257114400;2020-01-01 08:55:24;22.7;348.8;350;0;14.3;10.2331;63.5408
1058535;257114400;2020-01-01 08:55:29;23.1;346.8;349;0;26.8;10.2327;63.5414
1058536;257114400;2020-01-01 08:55:43;22.9;349.8;353;0;23.5;10.2321;63.5429
1058537;257114400;2020-01-01 08:55:51;22.9;348.8;351;0;22.1;10.2317;63.5437
1058538;257114400;2020-01-01 08:55:55;22.8;349.0;352;0;21.9;10.2315;63.5441
1058539;257114400;2020-01-01 08:56:02;22.9;347.5;352;0;28.0;10.2312;63.545
1058540;257114400;2020-01-01 08:56:06;22.9;347.8;353;0;10.7;10.2311;63.5452
1058541;257114400;2020-01-01 08:56:07;22.9;348.5;352;0;42.8;10.231;63.5454
1058542;257114400;2020-01-01 08:56:18;22.9;349.8;354;0;20.0;10.2305;63.5464
1058543;257114400;2020-01-01 08:56:19;22.9;350.0;353;0;42.8;10.2304;63.5466
1058544;257114400;2020-01-01 08:56:22;22.9;349.8;353;0;14.3;10.2303;63.5468
1058545;257114400;2020-01-01 08:56:23;22.9;349.5;353;0;42.8;10.2303;63.547
1058592;257114400;2020-01-01 09:03:18;21.9;163.2;167;0;20.7;10.231;63.5461
1058593;257114400;2020-01-01 09:03:30;21.9;163.1;168;0;20.7;10.2318;63.545
1058594;257114400;2020-01-01 09:04:11;21.8;162.6;166;0;22.0;10.2345;63.541
1058595;257114400;2020-01-01 09:04:24;21.7;159.2;162;0;21.2;10.2355;63.5398
1058596;257114400;2020-01-01 09:04:30;21.5;157.8;163;0;23.0;10.236;63.5392
1058597;257114400;2020-01-01 09:04:42;21.5;158.8;162;0;21.4;10.237;63.5381
1058598;257114400;2020-01-01 09:04:47;21.6;158.1;162;0;27.6;10.2375;63.5375
1058599;257114400;2020-01-01 09:04:54;21.6;157.2;162;0;16.7;10.238;63.537
1058600;257114400;2020-01-01 09:04:58;21.5;157.6;161;0;34.5;10.2385;63.5364
1058601;257114400;2020-01-01 09:05:18;21.3;156.4;159;0;18.9;10.2401;63.5348
1058602;257114400;2020-01-01 09:05:30;21.5;155.8;159;0;21.5;10.2412;63.5337
1058603;257114400;2020-01-01 09:05:41;21.6;157.8;159;0;23.5;10.2423;63.5326
1058604;257114400;2020-01-01 09:05:53;21.9;155.1;156;0;21.5;10.2434;63.5315
1058605;257114400;2020-01-01 09:06:11;21.7;153.1;158;0;20.1;10.2451;63.53
1058606;257114400;2020-01-01 09:06:23;21.7;153.2;156;0;24.0;10.2464;63.5288
1058607;257114400;2020-01-01 09:06:47;21.8;150.9;156;0;21.4;10.2489;63.5267
1058608;257114400;2020-01-01 09:06:58;21.8;152.5;156;0;24.4;10.2502;63.5256
1058609;257114400;2020-01-01 09:07:05;21.8;150.6;156;0;14.7;10.2508;63.5252
1058610;257114400;2020-01-01 09:07:10;21.6;150.1;155;0;24.5;10.2514;63.5247
1058611;257114400;2020-01-01 09:07:17;21.1;150.4;158;0;21.4;10.2522;63.5241
1058612;257114400;2020-01-01 09:07:24;21.2;150.5;156;0;17.5;10.2528;63.5236
1058613;257114400;2020-01-01 09:07:48;21.2;150.2;157;0;21.5;10.2554;63.5215
1058614;257114400;2020-01-01 09:07:59;21.1;150.5;155;0;22.6;10.2567;63.5205
1058615;257114400;2020-01-01 09:08:04;21.1;151.1;157;0;20.6;10.2573;63.5201
1058616;257114400;2020-01-01 09:08:18;21.3;151.8;154;0;20.5;10.2586;63.5189
1098208;257115620;2020-01-01 09:01:19;0.1;300.5;511;0;0.2;7.79125;63.3693
1098209;257115620;2020-01-01 09:02:09;0.1;302.0;511;0;0.1;7.79127;63.3693
1329425;257209400;2020-01-01 08:54:46;0.0;293.5;511;0;1.9;7.8492;63.4257
1329426;257209400;2020-01-01 08:56:06;0.1;290.2;511;0;1.9;7.8492;63.4256
1329427;257209400;2020-01-01 08:56:26;0.0;299.5;511;0;1.9;7.8492;63.4257
1329428;257209400;2020-01-01 08:56:46;0.1;297.8;511;0;2.1;7.84919;63.4256
1329429;257209400;2020-01-01 08:57:05;0.1;303.2;511;0;2.4;7.84919;63.4257
1329430;257209400;2020-01-01 09:00:05;0.0;294.8;511;0;2.1;7.84917;63.4256
1329431;257209400;2020-01-01 09:00:25;0.1;300.0;511;0;1.1;7.84918;63.4257
1329432;257209400;2020-01-01 09:00:55;0.0;310.5;511;0;2.7;7.8492;63.4256
1329433;257209400;2020-01-01 09:01:26;0.3;313.8;511;0;1.1;7.84921;63.4257
1329434;257209400;2020-01-01 09:01:46;0.1;313.2;511;0;1.8;7.84921;63.4256
1329435;257209400;2020-01-01 09:02:25;0.1;311.0;511;0;0.1;7.84917;63.4256
1329436;257209400;2020-01-01 09:04:35;0.1;304.8;511;0;2.1;7.84917;63.4257
1329437;257209400;2020-01-01 09:09:36;0.0;320.5;511;0;1.9;7.84921;63.4256
1329438;257209400;2020-01-01 09:09:56;0.1;320.5;511;0;1.1;7.8492;63.4257
1329439;257209400;2020-01-01 09:10:06;0.1;318.2;511;0;2.1;7.8492;63.4256
1329440;257209400;2020-01-01 09:10:26;0.1;322.0;511;0;1.9;7.84919;63.4257
2135494;257563500;2020-01-01 08:50:58;0.0;22.4;121;7;1.8;7.84831;63.4261
2135495;257563500;2020-01-01 08:51:58;0.0;260.5;122;7;1.9;7.84832;63.426
2135496;257563500;2020-01-01 08:54:26;0.0;336.8;122;7;0.2;7.84835;63.426
2135497;257563500;2020-01-01 08:54:37;0.0;314.0;122;7;0.2;7.84838;63.426
2135498;257563500;2020-01-01 08:55:58;0.0;346.0;122;7;1.0;7.84834;63.4261
2135499;257563500;2020-01-01 08:56:17;0.0;349.0;122;7;1.9;7.84832;63.426
2135500;257563500;2020-01-01 08:58:06;0.0;318.8;122;7;2.4;7.84831;63.4261
2135501;257563500;2020-01-01 08:58:56;0.0;316.5;122;7;0.7;7.84833;63.426
2135502;257563500;2020-01-01 08:59:38;0.0;264.2;122;7;1.0;7.84833;63.4261
2135503;257563500;2020-01-01 09:01:16;0.0;281.8;122;7;1.1;7.84832;63.426
2135504;257563500;2020-01-01 09:02:47;0.0;354.5;122;7;2.1;7.84831;63.4261
2135505;257563500;2020-01-01 09:06:16;0.0;302.0;122;7;2.7;7.84832;63.426
2135506;257563500;2020-01-01 09:08:18;0.0;341.5;122;7;1.9;7.84831;63.4261
2135507;257563500;2020-01-01 09:08:58;0.0;6.0;121;7;1.8;7.8483;63.426
2342185;257736000;2020-01-01 08:50:50;5.3;312.8;299;0;4.9;9.86503;63.5124
2342186;257736000;2020-01-01 08:51:01;5.2;311.0;298;0;4.2;9.86458;63.5125
2342187;257736000;2020-01-01 08:51:09;5.1;310.2;297;0;7.0;9.86418;63.5127
2342188;257736000;2020-01-01 08:51:20;5.0;310.5;297;0;3.7;9.86382;63.5128
2342189;257736000;2020-01-01 08:51:31;5.1;311.2;297;0;5.3;9.86339;63.513
2342190;257736000;2020-01-01 08:51:40;5.0;312.0;297;0;5.0;9.86298;63.5131
2342191;257736000;2020-01-01 08:51:49;5.1;310.8;296;0;4.5;9.86262;63.5132
2342192;257736000;2020-01-01 08:52:00;5.0;309.0;295;0;5.5;9.86217;63.5134
2342193;257736000;2020-01-01 08:52:10;4.8;303.2;294;0;4.3;9.86177;63.5135
2342194;257736000;2020-01-01 08:52:19;4.9;309.2;295;0;4.5;9.86141;63.5136
2342195;257736000;2020-01-01 08:52:30;4.8;310.2;296;0;5.5;9.86097;63.5138
2342196;257736000;2020-01-01 08:52:39;4.7;308.5;296;0;4.3;9.86062;63.5139
2342197;257736000;2020-01-01 08:52:49;4.8;309.5;296;0;5.4;9.86025;63.5141
2342198;257736000;2020-01-01 08:53:01;4.6;309.2;296;0;4.0;9.85979;63.5142
2342199;257736000;2020-01-01 08:53:10;4.7;304.8;295;0;5.8;9.85946;63.5144
2342200;257736000;2020-01-01 08:53:20;4.7;308.0;294;0;3.9;9.85911;63.5145
2342201;257736000;2020-01-01 08:53:31;4.6;307.0;294;0;4.2;9.85868;63.5146
2342202;257736000;2020-01-01 08:53:40;4.7;306.5;295;0;4.8;9.85829;63.5147
2342203;257736000;2020-01-01 08:53:50;4.6;308.0;295;0;5.2;9.85796;63.5149
2342204;257736000;2020-01-01 08:54:00;4.6;309.0;295;0;4.7;9.85752;63.515
2342205;257736000;2020-01-01 08:54:11;4.6;309.0;295;0;4.8;9.85721;63.5152
2342206;257736000;2020-01-01 08:54:19;4.6;311.0;295;0;4.9;9.85686;63.5153
2342207;257736000;2020-01-01 08:54:30;4.7;313.0;295;0;3.7;9.85649;63.5154
2342208;257736000;2020-01-01 08:54:40;4.6;309.0;295;0;5.2;9.85618;63.5156
2342209;257736000;2020-01-01 08:54:49;4.6;308.0;294;0;4.5;9.85581;63.5157
2342210;257736000;2020-01-01 08:55:01;4.6;306.2;293;0;5.0;9.85536;63.5159
2342211;257736000;2020-01-01 08:55:11;4.7;309.0;293;0;3.9;9.85501;63.516
2342212;257736000;2020-01-01 08:55:20;4.5;305.0;292;0;4.5;9.85463;63.5161
2342213;257736000;2020-01-01 08:55:31;4.4;305.0;291;0;4.9;9.85427;63.5163
2342214;257736000;2020-01-01 08:55:39;4.2;306.2;292;0;4.4;9.85397;63.5164
2342215;257736000;2020-01-01 08:55:50;4.1;308.8;293;0;3.5;9.85363;63.5165
2342216;257736000;2020-01-01 08:56:01;4.0;312.2;293;0;3.7;9.85325;63.5166
2342217;257736000;2020-01-01 08:56:10;3.8;308.0;294;0;3.7;9.85298;63.5167
2342218;257736000;2020-01-01 08:56:19;3.8;311.5;294;0;3.7;9.8527;63.5168
2342219;257736000;2020-01-01 08:56:30;3.7;309.5;293;0;4.6;9.85242;63.517
2342220;257736000;2020-01-01 08:56:40;3.7;314.2;293;0;3.3;9.85215;63.5171
2342221;257736000;2020-01-01 08:56:49;3.6;314.0;293;0;3.7;9.85189;63.5172
2342222;257736000;2020-01-01 08:57:00;3.6;313.2;293;0;3.5;9.85155;63.5173
2342223;257736000;2020-01-01 08:57:11;3.5;311.5;293;0;2.7;9.85132;63.5174
2342224;257736000;2020-01-01 08:57:20;3.6;312.0;293;0;3.7;9.85105;63.5175
2342225;257736000;2020-01-01 08:57:31;3.6;314.0;293;0;3.0;9.85079;63.5176
2342226;257736000;2020-01-01 08:57:39;3.6;316.0;293;0;3.9;9.85055;63.5177
2342227;257736000;2020-01-01 08:57:50;3.7;319.2;294;0;3.0;9.85028;63.5178
2342228;257736000;2020-01-01 08:58:01;3.6;318.0;294;0;4.6;9.84998;63.518
2342229;257736000;2020-01-01 08:58:10;3.4;313.0;294;0;3.2;9.84975;63.5181
2342230;257736000;2020-01-01 08:58:20;3.5;314.2;294;0;2.9;9.84953;63.5182
2342231;257736000;2020-01-01 08:58:30;3.5;314.0;294;0;3.3;9.84925;63.5183
2342232;257736000;2020-01-01 08:58:40;3.5;317.2;293;0;2.9;9.84904;63.5184
2342233;257736000;2020-01-01 08:58:51;3.5;317.2;293;0;4.6;9.84875;63.5186
2342234;257736000;2020-01-01 08:59:01;3.4;316.0;294;0;3.1;9.8485;63.5187
2342235;257736000;2020-01-01 08:59:11;3.3;311.5;294;0;2.9;9.84827;63.5188
2342236;257736000;2020-01-01 08:59:19;3.3;314.5;294;0;3.6;9.84805;63.5189
2342237;257736000;2020-01-01 08:59:30;3.5;324.8;294;0;2.7;9.84782;63.519
2342238;257736000;2020-01-01 08:59:39;3.5;322.2;294;0;3.5;9.84758;63.5191
2342239;257736000;2020-01-01 08:59:50;3.4;319.8;294;0;3.0;9.84732;63.5192
2342240;257736000;2020-01-01 09:00:01;3.4;317.5;294;0;2.7;9.8471;63.5193
2342241;257736000;2020-01-01 09:00:10;3.4;318.0;297;0;5.2;9.84688;63.5195
2342242;257736000;2020-01-01 09:00:20;3.6;321.5;301;0;2.7;9.84668;63.5196
2342243;257736000;2020-01-01 09:00:25;3.7;326.2;303;0;4.7;9.84655;63.5197
2342244;257736000;2020-01-01 09:00:28;3.9;329.2;304;0;1.9;9.84648;63.5197
2342245;257736000;2020-01-01 09:00:33;3.9;327.2;306;0;5.8;9.84637;63.5198
2342246;257736000;2020-01-01 09:00:36;4.0;328.0;308;0;1.3;9.84632;63.5198
2342247;257736000;2020-01-01 09:00:40;3.9;329.2;310;0;5.3;9.84624;63.5199
2342248;257736000;2020-01-01 09:00:44;4.1;332.0;311;0;5.3;9.84616;63.52
2342249;257736000;2020-01-01 09:00:47;4.0;330.8;312;0;1.3;9.84611;63.52
2342250;257736000;2020-01-01 09:00:51;4.2;334.0;314;0;5.3;9.84603;63.5201
2342251;257736000;2020-01-01 09:00:54;4.3;333.0;316;0;1.9;9.84596;63.5201
2342252;257736000;2020-01-01 09:00:56;4.2;331.5;317;0;10.7;9.8459;63.5202
2342253;257736000;2020-01-01 09:01:00;4.4;337.0;319;0;5.3;9.84583;63.5203
2342254;257736000;2020-01-01 09:01:03;4.4;337.5;320;0;1.3;9.84578;63.5203
2342255;257736000;2020-01-01 09:01:07;4.4;337.0;322;0;5.3;9.84573;63.5204
2342256;257736000;2020-01-01 09:01:11;4.5;339.0;324;0;1.5;9.84566;63.5204
2342257;257736000;2020-01-01 09:01:14;4.7;344.0;326;0;7.1;9.84562;63.5205
2342258;257736000;2020-01-01 09:01:16;4.7;341.8;327;0;10.7;9.84558;63.5206
2342259;257736000;2020-01-01 09:01:19;4.5;340.2;329;0;0.6;9.84554;63.5206
2342260;257736000;2020-01-01 09:01:23;4.8;350.5;331;0;5.3;9.84549;63.5207
2342261;257736000;2020-01-01 09:01:26;4.9;350.0;332;0;7.1;9.84546;63.5208
2342262;257736000;2020-01-01 09:01:30;4.8;342.8;334;0;0.5;9.84542;63.5208
2342263;257736000;2020-01-01 09:01:34;4.9;350.0;336;0;5.3;9.84538;63.5209
2342264;257736000;2020-01-01 09:01:37;5.1;356.0;337;0;7.1;9.84537;63.521
2342265;257736000;2020-01-01 09:01:41;4.9;347.8;338;0;5.3;9.84535;63.5211
2342266;257736000;2020-01-01 09:01:43;5.1;348.0;339;0;10.7;9.84531;63.5212
2342267;257736000;2020-01-01 09:01:50;5.2;355.0;342;0;10.7;9.84527;63.5213
2342268;257736000;2020-01-01 09:01:53;5.1;352.2;343;0;7.1;9.84525;63.5214
2342269;257736000;2020-01-01 09:01:57;5.3;354.2;343;0;5.3;9.84525;63.5215
2342270;257736000;2020-01-01 09:02:01;5.3;359.0;344;0;5.3;9.84524;63.5216
2342271;257736000;2020-01-01 09:02:04;5.1;356.5;345;0;7.1;9.84523;63.5217
2342272;257736000;2020-01-01 09:02:13;5.5;0.6;348;0;6.1;9.84523;63.5219
2342273;257736000;2020-01-01 09:02:16;5.4;359.5;349;0;7.1;9.84523;63.522
2342274;257736000;2020-01-01 09:02:20;5.5;2.2;350;0;5.3;9.84524;63.5221
2342275;257736000;2020-01-01 09:02:27;5.5;2.7;352;0;3.1;9.84526;63.5222
2342276;257736000;2020-01-01 09:02:29;5.5;4.2;352;0;10.7;9.84529;63.5223
2342277;257736000;2020-01-01 09:02:40;5.7;6.1;355;0;5.8;9.84534;63.5226
2342278;257736000;2020-01-01 09:02:51;5.7;8.7;358;0;5.8;9.84544;63.5229
2342279;257736000;2020-01-01 09:03:00;5.7;9.2;0;0;4.8;9.84554;63.5231
2342280;257736000;2020-01-01 09:03:10;5.8;13.0;3;0;6.4;9.84566;63.5234
2342281;257736000;2020-01-01 09:03:19;6.0;16.6;5;0;5.0;9.84579;63.5236
2342282;257736000;2020-01-01 09:03:30;5.9;17.1;8;0;6.0;9.84597;63.5239
2342283;257736000;2020-01-01 09:03:41;6.1;18.8;11;0;6.0;9.84617;63.5242
2342284;257736000;2020-01-01 09:03:49;6.1;18.9;14;0;5.8;9.84638;63.5244
2342285;257736000;2020-01-01 09:03:50;6.2;21.8;15;0;1.9;9.84642;63.5244
2342286;257736000;2020-01-01 09:03:52;6.1;21.8;15;0;10.7;9.84645;63.5245
2342287;257736000;2020-01-01 09:03:57;6.1;24.6;17;0;5.1;9.84659;63.5246
2342288;257736000;2020-01-01 09:04:01;6.2;23.9;19;0;5.8;9.84669;63.5247
2342289;257736000;2020-01-01 09:04:04;6.3;25.9;20;0;7.8;9.84679;63.5248
2342290;257736000;2020-01-01 09:04:07;6.3;28.2;22;0;2.6;9.84688;63.5248
2342291;257736000;2020-01-01 09:04:11;6.3;28.7;24;0;5.3;9.84697;63.5249
2342292;257736000;2020-01-01 09:04:13;6.4;29.4;25;0;12.6;9.84711;63.525
2342293;257736000;2020-01-01 09:04:16;6.4;31.3;26;0;7.8;9.84722;63.5251
2342294;257736000;2020-01-01 09:04:20;6.4;32.1;28;0;5.8;9.84733;63.5252
2342295;257736000;2020-01-01 09:04:24;6.5;33.3;30;0;5.8;9.84743;63.5253
2342296;257736000;2020-01-01 09:04:27;6.4;35.1;31;0;8.4;9.84759;63.5254
2342297;257736000;2020-01-01 09:04:31;6.5;37.4;33;0;3.9;9.84776;63.5254
2342298;257736000;2020-01-01 09:04:34;6.6;37.3;35;0;7.8;9.84789;63.5255
2342299;257736000;2020-01-01 09:04:36;6.6;38.8;36;0;11.7;9.84801;63.5256
2342300;257736000;2020-01-01 09:04:40;6.7;39.5;38;0;6.3;9.84815;63.5257
2342301;257736000;2020-01-01 09:04:43;6.6;42.7;40;0;5.8;9.84834;63.5257
2342302;257736000;2020-01-01 09:04:47;6.6;43.3;42;0;6.3;9.84848;63.5258
2342303;257736000;2020-01-01 09:04:51;6.6;44.3;44;0;6.8;9.84867;63.5259
2342304;257736000;2020-01-01 09:04:54;6.7;47.2;46;0;8.4;9.84883;63.526
2342305;257736000;2020-01-01 09:04:57;6.7;49.0;48;0;4.5;9.84899;63.526
2342306;257736000;2020-01-01 09:05:01;6.7;49.9;50;0;7.3;9.84922;63.5261
2342307;257736000;2020-01-01 09:05:03;6.8;51.4;52;0;12.6;9.84939;63.5262
2342308;257736000;2020-01-01 09:05:07;6.7;54.9;54;0;3.9;9.84957;63.5262
2342309;257736000;2020-01-01 09:05:10;6.7;56.7;57;0;10.4;9.84981;63.5263
2342310;257736000;2020-01-01 09:05:14;6.8;59.5;60;0;3.9;9.84998;63.5263
2342311;257736000;2020-01-01 09:05:17;6.8;61.9;62;0;9.1;9.85017;63.5264
2342312;257736000;2020-01-01 09:05:19;6.8;64.6;65;0;8.7;9.85037;63.5264
2342313;257736000;2020-01-01 09:05:24;6.8;67.6;68;0;6.6;9.85063;63.5265
2342314;257736000;2020-01-01 09:05:26;6.8;68.5;70;0;9.7;9.85084;63.5265
2342315;257736000;2020-01-01 09:05:32;6.8;72.6;73;0;4.2;9.85112;63.5265
2342316;257736000;2020-01-01 09:05:33;6.8;75.3;76;0;11.7;9.85125;63.5265
2342317;257736000;2020-01-01 09:05:37;6.8;76.1;78;0;8.3;9.85153;63.5266
2342318;257736000;2020-01-01 09:05:41;6.9;78.2;81;0;4.9;9.85174;63.5266
2342319;257736000;2020-01-01 09:05:44;6.8;82.5;84;0;5.8;9.85194;63.5266
2342320;257736000;2020-01-01 09:05:46;6.8;84.4;87;0;13.6;9.85224;63.5266
2342321;257736000;2020-01-01 09:05:50;6.9;85.8;90;0;6.3;9.85251;63.5266
2342322;257736000;2020-01-01 09:05:53;6.7;89.7;93;0;4.5;9.85266;63.5266
2342323;257736000;2020-01-01 09:05:56;6.8;92.1;95;0;8.4;9.85294;63.5266
2342324;257736000;2020-01-01 09:06:04;6.7;96.2;101;0;5.6;9.85342;63.5266
2342325;257736000;2020-01-01 09:06:07;6.7;99.1;103;0;6.5;9.85363;63.5266
2342326;257736000;2020-01-01 09:06:11;6.7;101.2;106;0;6.3;9.85391;63.5266
2342327;257736000;2020-01-01 09:06:13;6.8;101.2;107;0;13.6;9.85411;63.5265
2342328;257736000;2020-01-01 09:06:16;6.7;101.9;109;0;5.8;9.85431;63.5265
2342329;257736000;2020-01-01 09:06:19;6.8;103.5;110;0;6.5;9.85452;63.5265
2342330;257736000;2020-01-01 09:06:23;6.9;105.9;112;0;8.3;9.85479;63.5264
2342331;257736000;2020-01-01 09:06:27;6.8;106.5;113;0;4.4;9.85499;63.5264
2342332;257736000;2020-01-01 09:06:31;6.8;108.6;115;0;6.3;9.85526;63.5264
2342333;257736000;2020-01-01 09:06:34;6.8;109.4;116;0;9.1;9.85545;63.5263
2342334;257736000;2020-01-01 09:06:36;6.8;110.7;117;0;8.7;9.85565;63.5263
2342335;257736000;2020-01-01 09:06:40;6.9;112.5;118;0;4.9;9.85586;63.5263
2342336;257736000;2020-01-01 09:06:43;6.9;113.8;120;0;9.1;9.85604;63.5262
2342337;257736000;2020-01-01 09:06:47;6.9;115.0;121;0;5.8;9.8563;63.5262
2342338;257736000;2020-01-01 09:06:50;6.8;115.8;122;0;10.4;9.85655;63.5261
2342339;257736000;2020-01-01 09:06:54;6.9;118.2;124;0;4.4;9.85674;63.5261
2342340;257736000;2020-01-01 09:06:57;6.8;117.7;125;0;9.1;9.85693;63.526
2342341;257736000;2020-01-01 09:07:01;6.8;119.1;126;0;5.8;9.85719;63.526
2342342;257736000;2020-01-01 09:07:03;6.9;119.9;127;0;11.7;9.8573;63.5259
2342343;257736000;2020-01-01 09:07:06;6.9;121.7;128;0;7.1;9.85754;63.5259
2342344;257736000;2020-01-01 09:07:10;6.8;121.4;130;0;8.3;9.8578;63.5258
2342345;257736000;2020-01-01 09:07:13;6.8;121.5;130;0;3.2;9.85792;63.5258
2342346;257736000;2020-01-01 09:07:17;6.8;124.7;132;0;7.3;9.85814;63.5257
2342347;257736000;2020-01-01 09:07:21;6.9;125.6;133;0;7.8;9.85838;63.5256
2342348;257736000;2020-01-01 09:07:24;6.9;125.6;134;0;8.4;9.85855;63.5255
2342349;257736000;2020-01-01 09:07:28;6.8;127.0;135;0;3.4;9.85871;63.5255
2342350;257736000;2020-01-01 09:07:32;6.9;128.2;137;0;7.3;9.85893;63.5254
2342351;257736000;2020-01-01 09:07:33;6.9;129.4;138;0;9.7;9.85905;63.5254
2342352;257736000;2020-01-01 09:07:37;6.8;128.8;139;0;7.3;9.85928;63.5253
2342353;257736000;2020-01-01 09:07:40;6.9;129.9;140;0;8.4;9.85943;63.5252
2342354;257736000;2020-01-01 09:07:44;6.8;131.0;141;0;4.9;9.85965;63.5252
2342355;257736000;2020-01-01 09:07:47;6.8;131.1;141;0;8.4;9.8598;63.5251
2342356;257736000;2020-01-01 09:07:49;6.9;131.2;142;0;12.6;9.85995;63.525
2342357;257736000;2020-01-01 09:07:53;6.9;131.2;142;0;7.3;9.86018;63.5249
2342358;257736000;2020-01-01 09:07:56;6.6;133.0;143;0;4.5;9.86033;63.5249
2342359;257736000;2020-01-01 09:08:00;6.7;133.4;144;0;6.8;9.86053;63.5248
2342360;257736000;2020-01-01 09:08:04;6.7;134.5;144;0;5.8;9.86063;63.5247
2342361;257736000;2020-01-01 09:08:07;6.8;133.2;145;0;5.8;9.86082;63.5247
2342362;257736000;2020-01-01 09:08:11;6.8;133.9;146;0;6.8;9.86102;63.5246
2342363;257736000;2020-01-01 09:08:31;6.7;137.8;147;0;7.1;9.86198;63.5241
2342364;257736000;2020-01-01 09:08:39;6.6;139.1;147;0;7.3;9.8624;63.5239
2342365;257736000;2020-01-01 09:08:50;6.8;137.2;147;0;5.5;9.86286;63.5237
2342366;257736000;2020-01-01 09:09:10;6.7;137.2;144;0;7.2;9.86387;63.5232
2342367;257736000;2020-01-01 09:09:21;6.5;136.8;143;0;5.7;9.86434;63.523
2342368;257736000;2020-01-01 09:09:32;6.7;134.8;142;0;5.8;9.86485;63.5228
2342369;257736000;2020-01-01 09:09:49;6.7;131.2;139;0;7.4;9.86582;63.5224
2342370;257736000;2020-01-01 09:09:59;6.9;131.8;139;0;6.6;9.86634;63.5222
2342371;257736000;2020-01-01 09:10:11;7.0;132.2;139;0;5.5;9.86687;63.522
2342372;257736000;2020-01-01 09:10:20;6.9;134.9;140;0;9.5;9.86746;63.5217
2342373;257736000;2020-01-01 09:10:31;7.1;135.0;140;0;6.0;9.868;63.5215
2342374;257736000;2020-01-01 09:10:39;7.1;134.9;140;0;7.8;9.86848;63.5213
2357243;257739700;2020-01-01 08:51:21;0.0;327.5;150;15;2.7;7.78655;63.3679
2357244;257739700;2020-01-01 08:52:22;0.0;330.8;149;15;2.7;7.78656;63.368
2357245;257739700;2020-01-01 08:53:23;0.1;347.0;148;15;0.2;7.78655;63.368
2357246;257739700;2020-01-01 08:53:32;0.0;352.2;151;15;2.4;7.78655;63.3679
2357247;257739700;2020-01-01 08:53:43;0.0;9.3;150;15;1.9;7.78656;63.368
2357248;257739700;2020-01-01 08:53:54;0.0;14.8;148;15;1.9;7.78656;63.3679
2470536;257840800;2020-01-01 09:03:30;0.1;77.3;511;-99;0.1;8.00681;63.4655
2470537;257840800;2020-01-01 09:06:31;0.0;77.3;511;-99;0.1;8.0068;63.4656
2470538;257840800;2020-01-01 09:09:29;0.0;77.3;511;-99;0.1;8.00681;63.4655
2482162;257864800;2020-01-01 09:07:29;0.0;41.1;17;0;2.4;7.95721;63.5195
2482163;257864800;2020-01-01 09:09:05;0.0;327.2;17;0;3.6;7.95722;63.5196
2482164;257864800;2020-01-01 09:10:30;0.0;281.8;16;0;1.9;7.95721;63.5195
2749698;258209500;2020-01-01 08:55:17;0.0;11.1;511;-99;0.1;9.12967;63.4994
2749699;258209500;2020-01-01 08:58:17;0.1;11.1;511;-99;0.1;9.12968;63.4993
3261020;259245000;2020-01-01 08:51:39;0.0;300.5;296;0;0.2;8.20275;63.3764
3261021;259245000;2020-01-01 08:52:00;0.1;300.5;296;0;0.2;8.20273;63.3764
3261022;259245000;2020-01-01 08:59:50;0.0;300.5;296;0;0.1;8.20272;63.3764
3302219;259330000;2020-01-01 08:50:50;15.6;100.2;107;0;12.8;10.1474;63.4691
3302220;259330000;2020-01-01 08:50:55;15.7;99.7;106;0;19.4;10.1484;63.469
3302221;259330000;2020-01-01 08:51:01;15.6;99.5;106;0;12.6;10.1492;63.469
3302222;259330000;2020-01-01 08:51:06;15.7;98.8;105;0;17.9;10.1501;63.4689
3302223;259330000;2020-01-01 08:51:13;15.7;98.5;105;0;13.9;10.1511;63.4688
3302224;259330000;2020-01-01 08:51:20;15.7;99.2;106;0;15.0;10.1522;63.4688
3302225;259330000;2020-01-01 08:51:25;15.7;99.3;106;0;19.4;10.1532;63.4687
3302226;259330000;2020-01-01 08:51:32;15.7;99.5;106;0;12.8;10.1541;63.4686
3302227;259330000;2020-01-01 08:51:37;15.7;98.9;105;0;19.0;10.1551;63.4686
3302228;259330000;2020-01-01 08:51:44;15.7;98.7;105;0;12.8;10.156;63.4685
3302229;259330000;2020-01-01 08:51:49;15.7;98.8;105;0;19.4;10.157;63.4684
3302230;259330000;2020-01-01 08:51:55;15.7;99.2;105;0;14.3;10.1579;63.4684
3302231;259330000;2020-01-01 08:52:00;15.7;99.0;105;0;15.9;10.1587;63.4683
3302232;259330000;2020-01-01 08:52:07;15.6;98.5;104;0;13.9;10.1597;63.4682
3302233;259330000;2020-01-01 08:52:12;15.7;98.2;104;0;19.0;10.1607;63.4682
3302234;259330000;2020-01-01 08:52:19;15.7;97.6;104;0;15.3;10.1618;63.4681
3302235;259330000;2020-01-01 08:52:26;15.7;98.0;104;0;13.9;10.1628;63.468
3302236;259330000;2020-01-01 08:52:31;15.7;98.0;104;0;17.1;10.1637;63.468
3302237;259330000;2020-01-01 08:52:38;15.7;97.9;103;0;13.9;10.1647;63.4679
3302238;259330000;2020-01-01 08:52:43;15.7;97.0;103;0;17.1;10.1656;63.4679
3302239;259330000;2020-01-01 08:52:49;15.7;96.9;102;0;17.8;10.1667;63.4678
3302240;259330000;2020-01-01 08:52:56;15.7;97.0;103;0;13.6;10.1677;63.4678
3302241;259330000;2020-01-01 08:53:01;15.7;97.3;103;0;14.0;10.1684;63.4677
3302242;259330000;2020-01-01 08:53:06;15.7;98.0;103;0;21.4;10.1695;63.4676
3302243;259330000;2020-01-01 08:53:12;15.7;97.2;102;0;14.3;10.1704;63.4676
3302244;259330000;2020-01-01 08:53:20;15.7;97.0;102;0;14.6;10.1716;63.4675
3302245;259330000;2020-01-01 08:53:25;15.7;96.5;102;0;17.1;10.1725;63.4675
3302246;259330000;2020-01-01 08:53:32;15.7;97.3;102;0;11.4;10.1733;63.4674
3302247;259330000;2020-01-01 08:53:37;15.7;97.1;102;0;21.0;10.1744;63.4674
3302248;259330000;2020-01-01 08:53:43;15.7;97.1;102;0;14.9;10.1753;63.4673
3302249;259330000;2020-01-01 08:53:50;15.7;97.0;101;0;15.0;10.1764;63.4673
3302250;259330000;2020-01-01 08:53:55;15.8;96.4;101;0;19.4;10.1774;63.4672
3302251;259330000;2020-01-01 08:54:00;15.8;96.5;101;0;15.2;10.1782;63.4672
3302252;259330000;2020-01-01 08:54:07;15.8;97.0;102;0;12.8;10.1791;63.4671
3302253;259330000;2020-01-01 08:54:19;15.8;97.7;102;0;16.8;10.1812;63.467
3302254;259330000;2020-01-01 08:54:26;15.8;97.5;102;0;13.9;10.1822;63.4669
3302255;259330000;2020-01-01 08:54:31;15.7;97.7;102;0;15.2;10.183;63.4669
3302256;259330000;2020-01-01 08:54:38;15.8;96.9;102;0;15.3;10.1841;63.4668
3302257;259330000;2020-01-01 08:54:44;15.7;97.6;102;0;12.6;10.1849;63.4668
3302258;259330000;2020-01-01 08:54:49;15.8;97.7;102;0;21.4;10.186;63.4667
3302259;259330000;2020-01-01 08:54:56;15.8;98.1;103;0;13.9;10.187;63.4666
3302260;259330000;2020-01-01 08:55:01;15.7;98.7;103;0;15.2;10.1878;63.4666
3302261;259330000;2020-01-01 08:55:07;15.8;98.1;102;0;16.2;10.1888;63.4665
3302262;259330000;2020-01-01 08:55:13;15.7;98.0;101;0;14.3;10.1897;63.4665
3302263;259330000;2020-01-01 08:55:20;15.8;97.2;101;0;16.7;10.1909;63.4664
3302264;259330000;2020-01-01 08:55:25;15.8;97.7;102;0;17.1;10.1918;63.4664
3302265;259330000;2020-01-01 08:55:32;15.8;97.8;102;0;11.4;10.1926;63.4663
3302266;259330000;2020-01-01 08:55:38;15.8;97.8;102;0;19.4;10.1938;63.4662
3302267;259330000;2020-01-01 08:55:43;15.8;98.0;101;0;15.2;10.1946;63.4662
3302268;259330000;2020-01-01 08:55:48;15.9;97.2;101;0;19.4;10.1956;63.4661
3302269;259330000;2020-01-01 08:55:55;15.9;97.3;101;0;15.0;10.1967;63.4661
3302270;259330000;2020-01-01 08:56:02;15.9;97.3;101;0;11.4;10.1975;63.466
3302271;259330000;2020-01-01 08:56:06;15.9;97.3;102;0;23.8;10.1985;63.466
3302272;259330000;2020-01-01 08:56:14;15.8;98.0;101;0;12.1;10.1995;63.4659
3302273;259330000;2020-01-01 08:56:19;15.9;97.7;101;0;21.4;10.2006;63.4658
3302274;259330000;2020-01-01 08:56:26;15.9;97.6;101;0;13.6;10.2016;63.4658
3302275;259330000;2020-01-01 08:56:32;15.9;97.3;101;0;13.3;10.2024;63.4657
3302276;259330000;2020-01-01 08:56:37;15.9;97.8;101;0;21.0;10.2035;63.4657
3302277;259330000;2020-01-01 08:56:44;15.9;98.0;101;0;11.4;10.2043;63.4656
3302278;259330000;2020-01-01 08:56:49;16.0;97.9;101;0;19.4;10.2053;63.4655
3302279;259330000;2020-01-01 08:56:56;16.0;97.6;101;0;13.6;10.2063;63.4655
3302280;259330000;2020-01-01 08:57:01;16.0;97.4;101;0;19.4;10.2073;63.4654
3302281;259330000;2020-01-01 08:57:07;16.0;98.0;101;0;15.9;10.2083;63.4654
3302282;259330000;2020-01-01 08:57:13;16.0;98.4;102;0;14.9;10.2092;63.4653
3302283;259330000;2020-01-01 08:57:20;16.0;98.7;101;0;15.3;10.2103;63.4652
3302284;259330000;2020-01-01 08:57:26;16.0;98.3;101;0;15.9;10.2113;63.4652
3302285;259330000;2020-01-01 08:57:31;16.0;98.1;101;0;19.4;10.2123;63.4651
3302286;259330000;2020-01-01 08:57:38;16.0;98.4;101;0;13.9;10.2133;63.465
3302287;259330000;2020-01-01 08:57:43;16.0;98.4;101;0;15.2;10.2141;63.465
3302288;259330000;2020-01-01 08:57:49;16.0;98.5;101;0;16.2;10.2151;63.4649
3302289;259330000;2020-01-01 08:57:55;16.0;98.5;100;0;17.8;10.2162;63.4648
3302290;259330000;2020-01-01 08:58:02;16.0;97.4;100;0;12.2;10.2171;63.4648
3302291;259330000;2020-01-01 08:58:07;16.1;97.3;100;0;17.9;10.218;63.4647
3302292;259330000;2020-01-01 08:58:14;16.1;97.4;100;0;13.6;10.219;63.4647
3302293;259330000;2020-01-01 08:58:20;16.1;97.8;101;0;19.4;10.2202;63.4646
3302294;259330000;2020-01-01 08:58:25;16.0;98.1;101;0;19.4;10.2212;63.4645
3302295;259330000;2020-01-01 08:58:32;16.0;97.7;100;0;10.8;10.222;63.4645
3302296;259330000;2020-01-01 08:58:37;16.1;97.3;100;0;21.4;10.2231;63.4644
3302297;259330000;2020-01-01 08:58:44;16.1;97.3;100;0;12.2;10.224;63.4644
3302298;259330000;2020-01-01 08:58:48;16.1;97.4;101;0;22.4;10.2249;63.4643
3302299;259330000;2020-01-01 08:58:56;16.0;98.3;101;0;14.6;10.2261;63.4642
3302300;259330000;2020-01-01 08:59:01;16.0;98.0;100;0;15.2;10.2269;63.4642
3302301;259330000;2020-01-01 08:59:08;16.0;97.9;100;0;13.9;10.2279;63.4641
3302302;259330000;2020-01-01 08:59:14;16.0;97.2;100;0;17.5;10.229;63.4641
3302303;259330000;2020-01-01 08:59:19;16.0;97.9;100;0;19.4;10.23;63.464
3302304;259330000;2020-01-01 08:59:26;16.0;97.8;100;0;13.9;10.231;63.4639
3302305;259330000;2020-01-01 08:59:31;16.0;98.1;100;0;15.2;10.2318;63.4639
3302306;259330000;2020-01-01 08:59:38;16.0;98.1;100;0;15.3;10.2329;63.4638
3302307;259330000;2020-01-01 08:59:43;16.0;97.7;100;0;15.2;10.2337;63.4638
3302308;259330000;2020-01-01 08:59:49;16.0;97.9;100;0;16.2;10.2347;63.4637
3302309;259330000;2020-01-01 08:59:55;15.9;97.9;101;0;17.8;10.2358;63.4636
3302310;259330000;2020-01-01 09:00:02;15.9;98.8;101;0;12.2;10.2367;63.4636
3302311;259330000;2020-01-01 09:00:08;15.9;98.5;101;0;14.9;10.2376;63.4635
3302312;259330000;2020-01-01 09:00:13;15.8;98.5;100;0;23.3;10.2388;63.4634
3302313;259330000;2020-01-01 09:00:20;15.9;98.1;100;0;12.2;10.2397;63.4634
3302314;259330000;2020-01-01 09:00:25;15.9;97.6;100;0;19.4;10.2407;63.4633
3302315;259330000;2020-01-01 09:00:32;15.8;98.0;100;0;10.8;10.2415;63.4633
3302316;259330000;2020-01-01 09:00:36;15.8;98.0;101;0;24.3;10.2425;63.4632
3302317;259330000;2020-01-01 09:00:48;15.8;98.0;100;0;15.4;10.2444;63.4631
3302318;259330000;2020-01-01 09:00:55;15.8;98.1;100;0;15.3;10.2455;63.463
3302319;259330000;2020-01-01 09:01:02;15.8;97.6;100;0;10.8;10.2463;63.463
3302320;259330000;2020-01-01 09:01:07;15.8;98.3;100;0;23.3;10.2475;63.4629
3302321;259330000;2020-01-01 09:01:19;15.8;98.9;101;0;13.8;10.2492;63.4628
3302322;259330000;2020-01-01 09:01:26;15.8;98.4;101;0;16.7;10.2504;63.4627
3302323;259330000;2020-01-01 09:01:31;15.8;98.3;100;0;17.9;10.2513;63.4626
3302324;259330000;2020-01-01 09:01:37;15.8;98.0;100;0;12.6;10.2521;63.4626
3302325;259330000;2020-01-01 09:01:43;15.8;97.7;100;0;19.4;10.2533;63.4625
3302326;259330000;2020-01-01 09:01:49;15.8;98.8;101;0;12.6;10.2541;63.4625
3302327;259330000;2020-01-01 09:01:56;15.8;98.9;101;0;15.3;10.2552;63.4624
3302328;259330000;2020-01-01 09:02:01;15.7;99.3;101;0;17.9;10.2561;63.4623
3302329;259330000;2020-01-01 09:02:08;15.7;99.4;101;0;13.9;10.2571;63.4622
3302330;259330000;2020-01-01 09:02:13;15.7;99.1;100;0;17.1;10.258;63.4622
3302331;259330000;2020-01-01 09:02:20;15.7;98.0;100;0;13.9;10.259;63.4621
3348024;259407000;2020-01-01 08:51:14;0.0;276.2;109;7;0.2;8.20545;63.3762
3348025;259407000;2020-01-01 08:51:35;0.0;276.2;109;7;0.2;8.20543;63.3762
3348026;259407000;2020-01-01 08:51:55;0.0;276.2;108;7;0.1;8.20547;63.3762
3348027;259407000;2020-01-01 08:52:56;0.0;276.2;109;7;0.2;8.20544;63.3762
3348028;259407000;2020-01-01 08:54:15;0.1;276.2;109;7;0.2;8.20543;63.3762
3348029;259407000;2020-01-01 08:57:05;0.0;276.2;108;7;0.2;8.20545;63.3762
3348030;259407000;2020-01-01 08:57:16;0.0;276.2;109;7;0.2;8.20547;63.3762
3348031;259407000;2020-01-01 08:58:16;0.0;276.2;109;7;0.2;8.20547;63.3762
3348032;259407000;2020-01-01 08:58:45;0.0;276.2;108;7;0.2;8.20545;63.3762
3348033;259407000;2020-01-01 08:59:46;0.0;276.2;108;7;0.2;8.20541;63.3762
3348034;259407000;2020-01-01 09:00:55;0.0;276.2;109;7;0.2;8.20545;63.3762
3348035;259407000;2020-01-01 09:02:05;0.0;276.2;109;7;0.2;8.2054;63.3762
3348036;259407000;2020-01-01 09:02:46;0.1;276.2;109;7;0.2;8.20543;63.3762
3348037;259407000;2020-01-01 09:09:35;0.1;276.2;108;7;0.2;8.20543;63.3762
3348038;259407000;2020-01-01 09:10:15;0.0;276.2;108;7;0.2;8.2054;63.3762
3388701;259458000;2020-01-01 08:50:47;7.2;56.2;58;0;7.4;8.43104;63.3742
3388702;259458000;2020-01-01 08:50:58;7.2;58.5;60;0;7.1;8.43172;63.3744
3388703;259458000;2020-01-01 08:51:06;7.2;59.5;60;0;8.5;8.43228;63.3746
3388704;259458000;2020-01-01 08:51:18;7.1;59.5;61;0;6.5;8.43297;63.3748
3388705;259458000;2020-01-01 08:51:28;7.2;59.1;61;0;6.4;8.43361;63.3749
3388706;259458000;2020-01-01 08:51:36;7.2;61.2;60;0;9.0;8.43421;63.3751
3388707;259458000;2020-01-01 08:51:48;7.2;59.6;61;0;5.3;8.43485;63.3752
3388708;259458000;2020-01-01 08:51:58;7.2;61.2;61;0;7.8;8.43554;63.3754
3388709;259458000;2020-01-01 08:52:07;7.3;60.3;60;0;6.7;8.43613;63.3755
3388710;259458000;2020-01-01 08:52:18;7.2;60.9;60;0;7.2;8.43683;63.3757
3388711;259458000;2020-01-01 08:52:27;7.2;61.3;61;0;8.6;8.4375;63.3759
3388712;259458000;2020-01-01 08:52:38;7.3;61.9;60;0;5.5;8.4381;63.376
3388713;259458000;2020-01-01 08:52:48;7.3;62.7;60;0;7.4;8.43872;63.3762
3388714;259458000;2020-01-01 08:52:57;7.2;63.5;60;0;9.3;8.43946;63.3764
3388715;259458000;2020-01-01 08:53:06;7.2;61.2;59;0;6.7;8.44005;63.3765
3388716;259458000;2020-01-01 08:53:19;7.3;60.7;58;0;6.3;8.44078;63.3767
3388717;259458000;2020-01-01 08:53:28;7.4;61.1;58;0;7.6;8.44146;63.3768
3388718;259458000;2020-01-01 08:53:37;7.3;59.6;57;0;7.8;8.44205;63.377
3388719;259458000;2020-01-01 08:53:47;7.3;59.5;57;0;7.8;8.44272;63.3772
3388720;259458000;2020-01-01 08:53:58;7.3;58.0;56;0;6.4;8.44342;63.3773
3388721;259458000;2020-01-01 08:54:07;7.3;58.0;56;0;7.8;8.44399;63.3775
3388722;259458000;2020-01-01 08:54:18;7.3;58.9;57;0;7.2;8.44469;63.3777
3388723;259458000;2020-01-01 08:54:27;7.3;58.7;58;0;8.2;8.44532;63.3779
3388724;259458000;2020-01-01 08:54:38;7.2;59.5;58;0;5.3;8.44589;63.378
3388725;259458000;2020-01-01 08:54:48;7.2;59.9;59;0;7.6;8.44654;63.3782
3388726;259458000;2020-01-01 08:54:57;7.2;60.0;60;0;8.6;8.44721;63.3784
3388727;259458000;2020-01-01 08:55:07;7.2;59.8;60;0;5.6;8.44776;63.3785
3388728;259458000;2020-01-01 08:55:19;7.1;60.4;59;0;6.6;8.44846;63.3787
3388729;259458000;2020-01-01 08:55:27;7.1;59.9;58;0;8.7;8.44903;63.3789
3388730;259458000;2020-01-01 08:55:38;7.2;59.0;59;0;6.0;8.44969;63.379
3388731;259458000;2020-01-01 08:55:47;7.2;57.3;59;0;8.2;8.45032;63.3792
3388732;259458000;2020-01-01 08:55:58;7.1;58.0;59;0;7.1;8.45099;63.3794
3388733;259458000;2020-01-01 08:56:06;7.1;60.9;60;0;7.5;8.45158;63.3795
3388734;259458000;2020-01-01 08:56:18;7.1;60.5;60;0;6.6;8.45228;63.3797
3388735;259458000;2020-01-01 08:56:28;7.1;60.0;60;0;7.0;8.45286;63.3799
3388736;259458000;2020-01-01 08:56:48;7.2;60.2;60;0;6.9;8.45414;63.3802
3388737;259458000;2020-01-01 08:56:57;7.1;61.2;60;0;8.9;8.45484;63.3804
3388738;259458000;2020-01-01 08:57:07;7.2;60.6;60;0;5.8;8.45541;63.3805
3388739;259458000;2020-01-01 08:57:19;7.2;59.8;59;0;6.6;8.45612;63.3807
3388740;259458000;2020-01-01 08:57:27;7.2;59.8;58;0;7.5;8.45671;63.3808
3388741;259458000;2020-01-01 08:57:38;7.2;58.7;59;0;6.7;8.45735;63.381
3388742;259458000;2020-01-01 08:57:47;7.2;59.2;60;0;8.2;8.45797;63.3812
3388743;259458000;2020-01-01 08:57:58;7.2;60.1;59;0;6.7;8.4586;63.3814
3388744;259458000;2020-01-01 08:58:06;7.2;59.3;59;0;8.0;8.45923;63.3815
3388745;259458000;2020-01-01 08:58:18;7.2;58.7;58;0;6.6;8.45993;63.3817
3388746;259458000;2020-01-01 08:58:26;7.2;58.7;57;0;8.7;8.4605;63.3819
3388747;259458000;2020-01-01 08:58:37;7.2;58.3;58;0;5.8;8.46113;63.382
3388748;259458000;2020-01-01 08:58:48;7.2;57.7;58;0;6.7;8.46177;63.3822
3388749;259458000;2020-01-01 08:58:57;7.1;59.5;59;0;8.2;8.46239;63.3824
3388750;259458000;2020-01-01 08:59:07;7.1;59.6;59;0;6.2;8.463;63.3825
3388751;259458000;2020-01-01 08:59:19;7.1;59.2;58;0;6.6;8.4637;63.3827
3388752;259458000;2020-01-01 08:59:27;7.1;61.0;59;0;8.7;8.46428;63.3829
3388753;259458000;2020-01-01 08:59:37;7.2;59.9;59;0;7.4;8.46492;63.3831
3388754;259458000;2020-01-01 08:59:47;7.2;59.4;59;0;6.6;8.46557;63.3832
3388755;259458000;2020-01-01 08:59:57;7.2;60.5;60;0;7.4;8.46621;63.3834
3388756;259458000;2020-01-01 09:00:06;7.2;59.5;59;0;8.4;8.46686;63.3836
3388757;259458000;2020-01-01 09:00:18;7.2;60.7;59;0;5.8;8.46756;63.3837
3388758;259458000;2020-01-01 09:00:28;7.2;58.7;59;0;7.0;8.46814;63.3839
3388759;259458000;2020-01-01 09:00:36;7.2;61.1;59;0;9.2;8.46878;63.3841
3388760;259458000;2020-01-01 09:00:47;7.2;60.4;60;0;5.8;8.46942;63.3842
3388761;259458000;2020-01-01 09:00:58;7.3;60.4;59;0;6.7;8.47006;63.3844
3388762;259458000;2020-01-01 09:01:07;7.2;60.4;60;0;8.2;8.4707;63.3846
3388763;259458000;2020-01-01 09:01:19;7.2;61.1;59;0;6.2;8.47143;63.3847
3388764;259458000;2020-01-01 09:01:27;7.2;61.3;56;0;8.7;8.47202;63.3849
3388765;259458000;2020-01-01 09:01:37;7.3;59.0;55;0;7.6;8.47268;63.3851
3388766;259458000;2020-01-01 09:01:46;7.3;57.4;57;0;7.1;8.47331;63.3852
3388767;259458000;2020-01-01 09:01:57;7.3;56.7;58;0;6.7;8.47394;63.3854
3388768;259458000;2020-01-01 09:02:06;7.3;58.4;59;0;8.2;8.47456;63.3856
3388769;259458000;2020-01-01 09:02:16;7.3;59.9;60;0;7.4;8.47519;63.3858
3388770;259458000;2020-01-01 09:02:28;7.3;60.9;60;0;5.7;8.47586;63.3859
3388771;259458000;2020-01-01 09:02:36;7.3;61.2;61;0;9.2;8.4765;63.3861
3388772;259458000;2020-01-01 09:02:47;7.3;60.3;62;0;6.7;8.47714;63.3863
3388773;259458000;2020-01-01 09:02:58;7.2;61.5;63;0;6.0;8.47779;63.3864
3388774;259458000;2020-01-01 09:03:07;7.2;62.4;63;0;8.4;8.47845;63.3866
3388775;259458000;2020-01-01 09:03:17;7.2;62.8;65;0;6.6;8.47911;63.3867
3388776;259458000;2020-01-01 09:03:27;7.3;65.7;65;0;7.8;8.47978;63.3869
3388777;259458000;2020-01-01 09:03:37;7.3;66.7;64;0;6.6;8.48044;63.387
3388778;259458000;2020-01-01 09:03:46;7.2;64.6;65;0;8.6;8.48112;63.3872
3388779;259458000;2020-01-01 09:03:57;7.2;63.8;64;0;6.4;8.48181;63.3873
3388780;259458000;2020-01-01 09:04:07;7.2;65.8;64;0;6.6;8.48247;63.3874
3388781;259458000;2020-01-01 09:04:16;7.1;66.0;63;0;8.6;8.48314;63.3876
3388782;259458000;2020-01-01 09:04:27;7.1;63.8;62;0;6.2;8.48381;63.3877
3388783;259458000;2020-01-01 09:04:38;7.1;62.9;61;0;7.4;8.48454;63.3879
3388784;259458000;2020-01-01 09:04:47;7.1;61.9;61;0;6.5;8.48512;63.388
3388785;259458000;2020-01-01 09:04:58;7.1;62.7;61;0;6.7;8.48576;63.3882
3388786;259458000;2020-01-01 09:05:06;7.1;62.3;61;0;8.0;8.4864;63.3883
3388787;259458000;2020-01-01 09:05:17;7.1;62.7;61;0;6.9;8.48706;63.3885
3388788;259458000;2020-01-01 09:05:28;7.1;61.6;61;0;6.0;8.48771;63.3886
3388789;259458000;2020-01-01 09:05:37;7.2;62.7;61;0;9.1;8.48843;63.3888
3388790;259458000;2020-01-01 09:05:46;7.3;61.9;61;0;6.7;8.48903;63.3889
3388791;259458000;2020-01-01 09:05:57;7.3;60.7;61;0;6.9;8.48968;63.3891
3388792;259458000;2020-01-01 09:06:07;7.2;62.1;61;0;6.8;8.49035;63.3892
3388793;259458000;2020-01-01 09:06:19;7.3;61.9;62;0;6.6;8.49106;63.3894
3388794;259458000;2020-01-01 09:06:27;7.2;62.8;62;0;7.3;8.49162;63.3895
3388795;259458000;2020-01-01 09:06:38;7.2;63.8;63;0;7.6;8.49236;63.3897
3388796;259458000;2020-01-01 09:06:47;7.2;64.6;63;0;6.9;8.49297;63.3898
3388797;259458000;2020-01-01 09:06:58;7.2;63.8;61;0;7.1;8.49364;63.39
3388798;259458000;2020-01-01 09:07:06;7.2;62.5;60;0;8.5;8.49431;63.3901
3388799;259458000;2020-01-01 09:07:18;7.2;61.3;59;0;6.8;8.49504;63.3903
3388800;259458000;2020-01-01 09:07:28;7.2;61.0;60;0;7.0;8.49562;63.3905
3388801;259458000;2020-01-01 09:07:37;7.3;60.5;61;0;8.9;8.49632;63.3907
3388802;259458000;2020-01-01 09:07:47;7.3;61.2;63;0;5.8;8.49689;63.3908
3388803;259458000;2020-01-01 09:07:57;7.2;61.2;65;0;7.6;8.49755;63.391
3388804;259458000;2020-01-01 09:08:07;7.2;63.7;66;0;6.6;8.49821;63.3911
3388805;259458000;2020-01-01 09:08:19;7.3;65.7;67;0;6.3;8.49897;63.3912
3388806;259458000;2020-01-01 09:08:27;7.2;66.1;66;0;9.0;8.49958;63.3914
3388807;259458000;2020-01-01 09:08:38;7.2;66.2;66;0;6.7;8.50033;63.3915
3388808;259458000;2020-01-01 09:08:46;7.2;65.6;65;0;7.8;8.50094;63.3916
3388809;259458000;2020-01-01 09:08:58;7.3;65.3;65;0;6.8;8.50167;63.3918
3388810;259458000;2020-01-01 09:09:06;7.2;64.6;64;0;7.8;8.50228;63.3919
3388811;259458000;2020-01-01 09:09:18;7.1;64.5;64;0;6.6;8.50299;63.3921
3388812;259458000;2020-01-01 09:09:28;7.1;64.1;64;0;6.0;8.50359;63.3922
3388813;259458000;2020-01-01 09:09:37;7.2;63.5;66;0;8.9;8.5043;63.3924
3388814;259458000;2020-01-01 09:09:47;7.2;64.4;67;0;6.0;8.50489;63.3925
3388815;259458000;2020-01-01 09:09:59;7.2;65.2;67;0;6.2;8.50564;63.3926
3388816;259458000;2020-01-01 09:10:07;7.2;66.3;67;0;9.2;8.50626;63.3928
3388817;259458000;2020-01-01 09:10:16;7.2;67.3;67;0;7.6;8.50694;63.3929
3388818;259458000;2020-01-01 09:10:26;7.2;66.7;67;0;6.8;8.50762;63.393
3388819;259458000;2020-01-01 09:10:38;7.3;65.8;67;0;7.0;8.50837;63.3932
3388820;259458000;2020-01-01 09:10:46;7.2;67.2;68;0;7.8;8.50898;63.3933
3513565;259595000;2020-01-01 08:51:49;0.0;261.0;202;15;2.1;7.84544;63.4274
3513566;259595000;2020-01-01 08:52:29;0.0;329.2;202;15;1.9;7.84544;63.4273
3513567;259595000;2020-01-01 08:55:28;0.0;355.0;202;15;2.7;7.84547;63.4274
3513568;259595000;2020-01-01 08:55:50;0.0;281.0;202;15;1.9;7.84546;63.4273
3513569;259595000;2020-01-01 08:57:58;0.0;309.5;202;15;2.7;7.84546;63.4274
3513570;259595000;2020-01-01 08:58:07;0.0;259.0;202;15;2.4;7.84545;63.4273
3513571;259595000;2020-01-01 08:59:19;0.0;276.8;201;15;1.9;7.84547;63.4274
3513572;259595000;2020-01-01 08:59:50;0.0;297.2;202;15;1.8;7.84546;63.4273
3513573;259595000;2020-01-01 09:00:08;0.0;182.0;202;15;2.1;7.84546;63.4274
3513574;259595000;2020-01-01 09:00:18;0.0;155.9;202;15;2.1;7.84546;63.4273
3513575;259595000;2020-01-01 09:03:30;0.0;233.9;201;15;0.2;7.84543;63.4273
